Multiplier,Boundary_X,Boundary_Y,Calculated_M_roof,Calculated_M_wall,Calculated_Sigma_VM,time,corner_strain_xx,corner_strain_xy,corner_strain_yy,corner_stress_xx,corner_stress_yy,crown_strain_xx,roof_stress_bottom,roof_stress_top,u_y_crown,u_y_invert,wall_strain_yy,wall_stress_inner,wall_stress_outer
2,5.0,-11.0,64577.714062326675,31568.05605049001,11856638.601428315,1.0,-0.000422190446179,0.000291097553374,-9.36798360007e-05,-13665385.7588,-6109641.72473,0.000667152772509,18976832.1535,-396482.065198,-0.0349391160894,-0.0306973987263,-0.000335903978385,-9627936.56282,-157519.747673
3,7.0,-13.0,64990.43691889001,32095.054654650008,11732002.827008424,1.0,-0.000417495870745,0.00029000252117,-9.40688774604e-05,-13524401.4301,-6085580.5845,0.000671477815539,19100328.6166,-396802.459067,-0.0497091253605,-0.0454511798991,-0.000341461511648,-9785934.63754,-157418.241145
4,9.0,-15.0,65187.16267664335,32518.63754871667,11593363.61316158,1.0,-0.000412278556492,0.000288542031353,-9.44471906428e-05,-13367304.194,-6057182.77949,0.000673595625957,19160993.5082,-395155.294793,-0.0641388516959,-0.0598719285505,-0.000345774750325,-9908468.64673,-152877.382115
5,11.0,-17.0,65296.726403116685,32732.08484993334,11489722.626948478,1.0,-0.000408352248573,0.000287712056893,-9.48438613162e-05,-13249938.5597,-6039245.65275,0.000674740990668,19193844.0126,-395173.908335,-0.0784066005937,-0.0741392262364,-0.000347983745558,-9971110.42176,-151484.96678
6,13.0,-19.0,65335.13118745334,32936.762767150016,11408898.925915,1.0,-0.000405378592648,0.000286395921239,-9.46920709328e-05,-13157582.7184,-6011792.71891,0.000675161497407,19206075.8495,-394463.506736,-0.0925847785039,-0.0883182465956,-0.000350064738009,-10030137.981,-149109.150855
7,15.0,-21.0,65387.81364969334,33107.478998540006,11345542.110498378,1.0,-0.000403019195452,0.000285666114841,-9.47138189011e-05,-13085394.6055,-5994370.94477,0.000675702227129,19221711.3935,-394632.701408,-0.10671923043,-0.102451948583,-0.000351910866681,-10082537.8687,-150294.169138
8,17.0,-23.0,65488.13235168001,33304.20110608334,11258822.280853057,1.0,-0.000399707574237,0.000284874546716,-9.51462455938e-05,-12987153.4928,-5982242.93403,0.000676797078445,19253049.1586,-393390.546904,-0.120814077506,-0.116545584948,-0.000353877637399,-10138367.203,-147106.871175
9,19.0,-25.0,65556.60329948667,33468.752834736675,11222408.320483021,1.0,-0.000398440595805,0.000284047169986,-9.47104197939e-05,-12944958.1564,-5959164.10819,0.000677533381689,19274215.1951,-392765.794746,-0.134894605297,-0.130622458821,-0.000355630156245,-10188163.2129,-147537.362479
10,21.0,-27.0,65603.89929545668,33679.89028213667,11110936.817204947,1.0,-0.000394173438651,0.000283101165824,-9.52931092391e-05,-12818565.9561,-5944318.37966,0.000677974435495,19286993.1092,-394176.679437,-0.148960038436,-0.144685676361,-0.000357777653493,-10249163.8115,-145196.726859
11,23.0,-29.0,65711.08514292668,33850.00023660667,11062469.757728437,1.0,-0.000392313035659,0.000282686670302,-9.55613510238e-05,-12763570.1181,-5938281.37145,0.000679149800318,19320511.3602,-392814.182678,-0.163015876721,-0.158736902877,-0.000359505650838,-10298306.4174,-143306.346418
12,25.0,-31.0,65740.77578381334,33954.13017218668,11010497.00052788,1.0,-0.000390378943669,0.000281985807551,-9.55504120883e-05,-12704174.0985,-5923117.87217,0.000679450631162,19329268.9633,-392963.771844,-0.1770684804,-0.172788282105,-0.000360733134054,-10333176.4387,-146937.387044
13,27.0,-33.0,65851.82236634336,34108.83636933668,10979634.795089476,1.0,-0.000389184487848,0.000281912307243,-9.57623423004e-05,-12669168.9183,-5920459.57071,0.00068065001306,19363523.0315,-392023.678403,-0.191119725457,-0.18683345385,-0.000362260716734,-10376593.2233,-143942.312499
14,29.0,-35.0,65965.80975432668,34236.88276777334,10959130.426023792,1.0,-0.000388444604823,0.000281473810843,-9.5645913138e-05,-12645586.5486,-5911216.63988,0.000681771827201,19395517.3559,-394225.570398,-0.205169891139,-0.200881485117,-0.000363504429438,-10412003.0204,-140938.190068
15,31.0,-37.0,65959.37126059334,34292.41535767668,10933807.722283127,1.0,-0.000387520322315,0.000281126850934,-9.55522064228e-05,-12616523.4669,-5901256.80138,0.00068175640006,19395175.3998,-392635.978378,-0.219215868243,-0.214926685051,-0.000364124813499,-10429708.1543,-141983.546997
16,33.0,-39.0,66073.68058713002,34482.90602733667,10863679.155496608,1.0,-0.000384711076847,0.000281076441665,-9.6464696326e-05,-12537369.0285,-5907702.27649,0.000682946771186,19429142.8845,-392961.291639,-0.233257051404,-0.228961147463,-0.000366192886132,-10488491.2836,-143619.475399
