Block Name,Cell ID,vtkOriginalCellIds,Area,Cell Type,effective_plastic_strain,ids,object_id,strain_x_0,strain_x_1,strain_x_2,strain_x_Magnitude,strain_yy,stress_x_0,stress_x_1,stress_x_2,stress_x_Magnitude,stress_yy,vonmises_stress
ground,0,0,0.00614231,5,0.000134663,2,18,9.83379e-05,-0.000399101,0,0.000411038,-0.000543993,-2.49335e+06,-9.12907e+06,0,9.46344e+06,-1.69986e+07,2.13937e+07
ground,1,1,0.0532666,5,0.000818008,4,18,0.00078614,-0.000602792,0,0.000990644,-0.00078052,1.0119e+06,-5.34102e+06,0,5.43603e+06,-1.26582e+07,1.56203e+07
ground,2,2,0.0316555,5,0.000488163,5,18,0.000389899,-0.000517039,0,0.000647573,-0.000377944,774961,-5.37e+06,0,5.42563e+06,-7.45215e+06,1.19773e+07
ground,3,3,0.00710556,5,0.000446089,7,18,0.000574906,0.000166813,0,0.000598618,-0.000259229,4.5491e+06,918330,0,4.64087e+06,481246,4.07295e+06
ground,4,4,0.00649398,5,0.000664829,8,18,0.000825101,-0.000100467,0,0.000831195,-0.000429786,4.69811e+06,-449078,0,4.71953e+06,299604,4.09949e+06
ground,5,5,0.046643,5,0.000203419,10,18,0.00030543,0.000251264,0,0.000395501,-0.000837747,327726,5.25434e+06,0,5.26455e+06,-2.39315e+07,2.43436e+07
ground,6,6,0.00623484,5,0.000686864,16,18,0.000856911,-4.49375e-05,0,0.000858088,-0.000430567,4.78643e+06,-74340.1,0,4.78701e+06,654802,3.74306e+06
ground,7,7,0.310459,5,6.89687e-05,17,18,0.000219199,3.3855e-05,0,0.000221798,-0.000594152,2.33151e+06,876742,0,2.49091e+06,-1.80581e+07,1.86434e+07
ground,8,8,0.00938206,5,0.000454713,22,18,0.000374467,0.000535023,0,0.000653051,-0.000563241,-588252,7.10926e+06,0,7.13355e+06,-1.33357e+07,1.72615e+07
ground,9,9,0.087014,5,0.00012636,23,18,0.000251951,0.00018002,0,0.000309655,-0.000952553,78127,4.33045e+06,0,4.33115e+06,-2.91794e+07,2.83712e+07
ground,10,10,0.00888463,5,0.000689091,24,18,0.000797579,-0.000274291,0,0.000843426,-0.000221237,4.94389e+06,-309874,0,4.95359e+06,3.75939e+06,1.24982e+06
ground,11,11,0.0582868,5,1.2647e-05,25,18,9.77168e-05,-0.000162806,0,0.00018988,-0.000264596,1.66716e+06,-4.55283e+06,0,4.84847e+06,-8.49616e+06,1.20897e+07
ground,12,12,0.00586431,5,0.000104908,27,18,9.12475e-05,0.000359468,0,0.000370868,-0.000510758,-1.89648e+06,8.52825e+06,0,8.73657e+06,-1.61957e+07,2.03814e+07
ground,13,13,0.0649104,5,0.00065169,28,18,0.000675106,0.000488928,0,0.000833558,-0.000837443,681959,5.64561e+06,0,5.68665e+06,-1.63064e+07,1.84882e+07
ground,14,14,0.144431,5,3.23471e-05,31,18,0.00017455,-8.21375e-05,0,0.00019291,-0.000501853,2.35608e+06,-2.21481e+06,0,3.23365e+06,-1.59684e+07,1.70995e+07
ground,15,15,0.376611,5,0.000276954,37,18,0.000435418,-1.68251e-06,0,0.000435421,-0.000634583,2.79994e+06,49699.2,0,2.80038e+06,-1.48859e+07,1.59422e+07
ground,16,16,0.0136968,5,0.000539585,38,18,0.000540928,-0.00049627,0,0.000734089,-0.000809211,-106845,-6.65454e+06,0,6.6554e+06,-1.79654e+07,2.02325e+07
ground,17,17,0.00877687,5,4.42936e-05,39,18,0.000182765,-1.95048e-05,0,0.000183803,1.4622e-05,4.80303e+06,-420317,0,4.82139e+06,1.66121e+06,3.4009e+06
ground,18,18,0.00635882,5,0.000460682,40,18,0.000611181,0.000104409,0,0.000620035,-0.000279156,4.72415e+06,410631,0,4.74196e+06,476954,3.91335e+06
ground,19,19,0.0114697,5,0.00049103,41,18,0.000638134,-0.000123623,0,0.000649998,-0.000345752,4.47516e+06,-789115,0,4.5442e+06,-903952,4.91916e+06
ground,20,20,0.0105295,5,3.57851e-05,46,18,0.000169941,4.45193e-05,0,0.000175676,-2.1622e-05,4.52965e+06,947588,0,4.6277e+06,423481,4.25094e+06
ground,21,21,0.0425641,5,0.000652268,48,18,0.00054586,-0.000649977,0,0.000848784,-0.000719421,-690127,-7.31967e+06,0,7.35214e+06,-1.53866e+07,1.88221e+07
ground,22,22,0.00552484,5,1.75181e-05,49,18,5.55593e-05,-0.000232633,0,0.000239176,-0.000315186,-137828,-6.46759e+06,0,6.46906e+06,-1.04992e+07,1.48942e+07
ground,23,23,0.180484,5,0.0001752,50,18,0.000305603,-0.000141813,0,0.000336904,-0.000488825,2.54269e+06,-2.78478e+06,0,3.77098e+06,-1.25615e+07,1.44386e+07
ground,24,24,0.0150531,5,0.000328971,52,18,0.000354788,-0.000363238,0,0.000507756,-0.000502267,861736,-5.52177e+06,0,5.58861e+06,-1.15876e+07,1.49548e+07
ground,25,25,0.114605,5,5.33418e-05,53,18,9.08108e-05,-0.000220802,0,0.000238747,-0.000237335,700672,-5.41756e+06,0,5.46268e+06,-7.29908e+06,1.19209e+07
ground,26,26,0.027314,5,0.000233776,54,18,0.000375749,0.00013165,0,0.000398145,-0.000939516,962389,2.70107e+06,0,2.8674e+06,-2.61567e+07,2.54662e+07
ground,27,27,0.0305952,5,0.000111783,56,18,0.000247595,0.000138314,0,0.000283609,-0.000950273,333864,3.39971e+06,0,3.41606e+06,-2.93315e+07,2.82969e+07
ground,28,28,0.0389728,5,0.000783973,58,18,0.000707312,0.000625957,0,0.000944518,-0.000627203,1.14717e+06,5.14993e+06,0,5.27615e+06,-9.4236e+06,1.31471e+07
ground,29,29,0.0375598,5,0.000573433,60,18,0.00063141,0.000420882,0,0.000758828,-0.000909065,560805,5.55049e+06,0,5.57875e+06,-1.94879e+07,2.08942e+07
ground,30,30,0.0193166,5,0.000492075,63,18,0.000368377,0.000576876,0,0.000684462,-0.000503186,-696326,7.07658e+06,0,7.11075e+06,-1.17185e+07,1.61711e+07
ground,31,31,0.00855794,5,0.000280121,68,18,0.000148856,0.000509978,0,0.000531259,-0.000459737,-2.72274e+06,8.92783e+06,0,9.33378e+06,-1.35208e+07,1.89742e+07
ground,32,32,0.0691777,5,0.00071639,72,18,0.000647792,-0.000600481,0,0.000883296,-0.000627246,875766,-5.4791e+06,0,5.54865e+06,-1.05022e+07,1.41414e+07
ground,33,33,0.0200413,5,0.000897984,75,18,0.000938013,0.000513722,0,0.00106948,-0.00089908,1.52855e+06,4.61961e+06,0,4.86593e+06,-1.29677e+07,1.54202e+07
ground,34,34,0.0287751,5,2.93548e-05,78,18,0.000180932,9.073e-06,0,0.00018116,-0.000822597,1.10058e+06,255230,0,1.12979e+06,-2.686e+07,2.60087e+07
ground,35,35,0.356168,5,9.1929e-05,80,18,0.000244689,-3.5578e-05,0,0.000247262,-0.000653126,2.10727e+06,-893830,0,2.28899e+06,-1.96999e+07,2.00129e+07
ground,36,36,0.0226405,5,1.25598e-05,82,18,0.000153702,1.35212e-05,0,0.000154296,-1.7029e-05,4.70362e+06,379957,0,4.71895e+06,252003,4.29811e+06
ground,37,37,0.405151,5,7.91111e-05,84,18,0.000230914,-5.80684e-06,0,0.000230987,-0.000604517,2.35938e+06,-136011,0,2.36329e+06,-1.81606e+07,1.86973e+07
ground,38,38,0.0680812,5,1.83539e-05,85,18,0.000157219,0.000108952,0,0.00019128,-0.000929856,133991,3.09642e+06,0,3.09932e+06,-3.08093e+07,2.95798e+07
ground,39,39,0.0234619,5,0.000793446,86,18,0.000753976,0.000622387,0,0.000977674,-0.000865274,210440,6.29664e+06,0,6.30016e+06,-1.58875e+07,1.85276e+07
ground,40,40,0.0493449,5,0.000561873,87,18,0.000656236,-0.000352097,0,0.000744727,-0.00107641,412552,-5.02555e+06,0,5.04245e+06,-2.44278e+07,2.45278e+07
ground,41,41,0.0116861,5,0.000317798,88,18,0.000469371,4.44344e-05,0,0.000471469,-0.000208048,4.71875e+06,375779,0,4.73369e+06,354434,4.13922e+06
ground,42,42,0.0504383,5,0.000289613,89,18,0.000266559,-0.000373472,0,0.000458841,-0.00033472,779123,-5.39341e+06,0,5.4494e+06,-7.72673e+06,1.2175e+07
ground,43,43,0.0260937,5,0.00047556,92,18,0.000417871,-0.000488939,0,0.000643178,-0.000450152,891050,-5.39848e+06,0,5.47152e+06,-9.13677e+06,1.3126e+07
ground,44,44,0.0968971,5,0.000217976,94,18,0.000256248,-0.000321502,0,0.000411128,-0.000505815,565698,-5.88086e+06,0,5.90801e+06,-1.35708e+07,1.66348e+07
ground,45,45,0.00785313,5,0.00076509,95,18,0.00069662,0.000633657,0,0.0009417,-0.000738977,593554,5.84976e+06,0,5.8798e+06,-1.32784e+07,1.63329e+07
ground,46,46,0.00921851,5,2.47547e-05,96,18,-2.38695e-05,0.000312022,0,0.000312934,-0.000309768,-2.86753e+06,8.57043e+06,0,9.03742e+06,-1.07789e+07,1.71226e+07
ground,47,47,0.0182711,5,3.55256e-05,98,18,0.000171779,-4.46406e-05,0,0.000177485,-7.33349e-05,4.37501e+06,-991090,0,4.48586e+06,-1.2198e+06,5.26781e+06
ground,48,48,0.0616868,5,0.000809528,100,18,0.000794663,-0.000593123,0,0.000991607,-0.000896261,536181,-5.86468e+06,0,5.88914e+06,-1.6044e+07,1.83995e+07
ground,49,49,0.405678,5,0.000395628,101,18,0.000557312,1.50955e-05,0,0.000557516,-0.000757541,2.6035e+06,227376,0,2.61341e+06,-1.63548e+07,1.71383e+07
ground,50,50,0.0662475,5,0.000516905,103,18,0.000582151,-0.000396456,0,0.000704328,-0.000924958,383617,-5.67858e+06,0,5.69152e+06,-2.0942e+07,2.20616e+07
ground,51,51,0.0092168,5,0.000316586,106,18,0.000466457,6.44025e-05,0,0.000470882,-0.000209124,4.67611e+06,470633,0,4.69974e+06,136224,4.23644e+06
ground,52,52,0.0236391,5,2.03692e-05,110,18,0.000161987,2.05616e-05,0,0.000163286,-6.24957e-05,4.5285e+06,509608,0,4.55709e+06,-1.114e+06,5.11975e+06
ground,53,53,0.00845081,5,0.000454158,112,18,0.000304867,-0.000587156,0,0.000661586,-0.000487115,-1.48159e+06,-7.79552e+06,0,7.93507e+06,-1.22483e+07,1.71225e+07
ground,54,54,0.051072,5,0.00020757,113,18,0.000358036,7.82607e-05,0,0.000366489,-0.000841191,1.52488e+06,1.66033e+06,0,2.25432e+06,-2.33656e+07,2.30579e+07
ground,55,55,0.0231756,5,0.000346851,114,18,0.000490275,0.000152141,0,0.000513338,-0.000954366,1.23522e+06,2.59092e+06,0,2.8703e+06,-2.42441e+07,2.38881e+07
ground,56,56,0.030941,5,3.18078e-05,116,18,0.000100661,0.000193699,0,0.000218293,-0.000290372,1.16844e+06,5.1174e+06,0,5.2491e+06,-9.17068e+06,1.29482e+07
ground,57,57,0.0211957,5,0.000435811,117,18,0.000423314,0.00048643,0,0.000644832,-0.000776082,-599059,7.25621e+06,0,7.28089e+06,-1.91393e+07,2.14316e+07
ground,58,58,0.382853,5,4.82525e-05,118,18,0.000199336,7.77451e-07,0,0.000199338,-0.000586474,2.34699e+06,19191.5,0,2.34707e+06,-1.82524e+07,1.87812e+07
ground,59,59,0.0194478,5,0.00027456,119,18,0.000226256,0.000388442,0,0.000449532,-0.000309185,423936,5.70114e+06,0,5.71688e+06,-7.75716e+06,1.24577e+07
ground,60,60,0.166345,5,1.65002e-05,123,18,7.97248e-05,0.000219307,0,0.000233349,-0.000390597,334329,6.13771e+06,0,6.14681e+06,-1.28419e+07,1.62753e+07
ground,61,61,0.0268109,5,0.000455776,124,18,0.000351365,0.000574456,0,0.000673392,-0.00061754,-1.55034e+06,8.15844e+06,0,8.30444e+06,-1.53552e+07,1.94457e+07
ground,62,62,0.00639306,5,0.000455511,125,18,0.000269239,-0.000643275,0,0.000697346,-0.000571262,-3.16818e+06,-9.48219e+06,0,9.99747e+06,-1.50404e+07,2.03478e+07
ground,63,63,0.0134899,5,0.000549037,130,18,0.000714645,1.57391e-05,0,0.000714818,-0.000341951,4.78402e+06,98247.7,0,4.78503e+06,642035,3.75765e+06
ground,64,64,0.270975,5,4.63996e-05,133,18,0.000197461,8.97248e-06,0,0.000197665,-0.00058955,2.32231e+06,239397,0,2.33461e+06,-1.84095e+07,1.89153e+07
ground,65,65,0.0349617,5,2.19793e-05,139,18,9.78702e-05,-0.000182552,0,0.000207133,-0.000283149,1.32013e+06,-4.95379e+06,0,5.12667e+06,-9.13051e+06,1.28112e+07
ground,66,66,0.0233411,5,0.000332863,141,18,0.00034976,-0.000375042,0,0.000512824,-0.000495798,973328,-5.39338e+06,0,5.4805e+06,-1.17051e+07,1.49601e+07
ground,67,67,0.00717721,5,8.48535e-05,143,18,0.000220863,-5.41149e-05,0,0.000227396,-0.000100819,4.4046e+06,-961454,0,4.50832e+06,-1.03181e+06,5.14775e+06
ground,68,68,0.00833483,5,5.50983e-05,146,18,-5.30046e-06,-0.000344667,0,0.000344708,-0.000349634,-2.99243e+06,-8.85906e+06,0,9.35081e+06,-1.19076e+07,1.80435e+07
ground,69,69,0.0137607,5,0.00097464,147,18,0.000983119,-0.000609375,0,0.00115666,-0.00104314,702990,-5.56786e+06,0,5.61207e+06,-1.69938e+07,1.89626e+07
ground,70,70,0.0260658,5,5.12282e-05,155,18,0.000167521,-0.000119527,0,0.000205791,-0.000257639,2.94484e+06,-2.86554e+06,0,4.10894e+06,-7.32496e+06,1.03162e+07
ground,71,71,0.0103469,5,0.000325743,157,18,0.000482253,1.47014e-05,0,0.000482477,-0.000209543,4.75327e+06,85512.9,0,4.75404e+06,381161,4.0164e+06
ground,72,72,0.0296703,5,4.19173e-05,163,18,0.000140663,-0.000183808,0,0.000231456,-0.000445414,1.35315e+06,-4.7955e+06,0,4.98276e+06,-1.41409e+07,1.64885e+07
ground,73,73,0.0077563,5,0.000535584,165,18,0.000698856,-2.26782e-05,0,0.000699224,-0.000361185,4.70817e+06,-79952.6,0,4.70885e+06,-29908.5,4.27937e+06
ground,74,74,0.042657,5,1.36357e-05,168,18,0.000121108,-0.000155912,0,0.000197422,-0.000402402,1.67612e+06,-4.37554e+06,0,4.68559e+06,-1.31464e+07,1.5513e+07
ground,75,75,0.0337891,5,0.000909633,169,18,0.000881986,-0.000646676,0,0.00109366,-0.000984581,429472,-5.95406e+06,0,5.96953e+06,-1.72717e+07,1.9328e+07
ground,76,76,0.0204763,5,4.70046e-06,172,18,0.000104834,-0.00016008,0,0.000191352,-0.000363686,1.5696e+06,-4.61758e+06,0,4.87706e+06,-1.20092e+07,1.47489e+07
ground,77,77,0.0341907,5,0.000445141,175,18,0.00041001,-0.00045038,0,0.000609057,-0.000430313,1.0565e+06,-5.18888e+06,0,5.29534e+06,-8.38465e+06,1.24531e+07
ground,78,78,0.0321335,5,0.000387522,177,18,0.000541582,-9.44047e-05,0,0.000549749,-0.000961304,1.55916e+06,-1.49866e+06,0,2.16263e+06,-2.33658e+07,2.29817e+07
ground,79,79,0.280628,5,1.19305e-05,179,18,0.000163576,-2.10298e-05,0,0.000164922,-0.00061521,2.05039e+06,-599370,0,2.1362e+06,-2.02281e+07,2.04742e+07
ground,80,80,0.173361,5,0.000299817,183,18,0.000337674,0.00035027,0,0.000486531,-0.000567768,656054,5.76747e+06,0,5.80467e+06,-1.39848e+07,1.68493e+07
ground,81,81,0.0168,5,2.37501e-05,186,18,4.09615e-05,0.000251094,0,0.000254413,-0.000298741,-658649,6.85609e+06,0,6.88766e+06,-1.00084e+07,1.49169e+07
ground,82,82,0.0307944,5,0.000117053,187,18,0.00011924,0.000292007,0,0.000315415,-0.000302163,29394.4,6.17083e+06,0,6.1709e+06,-8.99636e+06,1.36573e+07
ground,83,83,0.0201669,5,0.00121464,188,18,0.00108971,-0.000814772,0,0.00136063,-0.000761457,2.00001e+06,-4.14198e+06,0,4.59957e+06,-6.83898e+06,1.06446e+07
ground,84,84,0.0631064,5,0.000167513,195,18,0.000240817,0.000241726,0,0.00034121,-0.000401652,1.61151e+06,4.61487e+06,0,4.88815e+06,-1.05739e+07,1.36578e+07
ground,85,85,0.0171006,5,0.000429781,200,18,0.000499596,0.000354377,0,0.000612519,-0.000778504,937977,5.09144e+06,0,5.17712e+06,-1.79559e+07,1.94993e+07
ground,86,86,0.0787208,5,0.000463936,202,18,0.000612717,0.000148397,0,0.000630431,-0.000904198,1.91313e+06,2.00998e+06,0,2.7749e+06,-1.99795e+07,2.02838e+07
ground,87,87,0.0461546,5,0.000794725,203,18,0.000713142,0.000654926,0,0.000968246,-0.000720743,581101,5.85397e+06,0,5.88274e+06,-1.2387e+07,1.57323e+07
ground,88,88,0.0987516,5,0.000697245,205,18,0.000731262,0.000436898,0,0.000851836,-0.000568818,2.61645e+06,3.40316e+06,0,4.29271e+06,-6.53699e+06,9.98758e+06
ground,89,89,0.130449,5,3.91971e-05,206,18,0.000191104,2.24328e-05,0,0.000192416,-0.000720273,1.63834e+06,617320,0,1.75078e+06,-2.31444e+07,2.29e+07
ground,90,90,0.060501,5,0.000526209,208,18,0.000666164,-0.000195048,0,0.000694131,-0.000892228,1.92598e+06,-2.78182e+06,0,3.38348e+06,-1.82797e+07,1.90013e+07
ground,91,91,0.0186444,5,0.000984588,210,18,0.000978422,-0.000614907,0,0.0011556,-0.000884567,1.63223e+06,-4.5106e+06,0,4.79684e+06,-1.22911e+07,1.48887e+07
ground,92,92,0.007163,5,0.000342522,213,18,0.0002079,-0.000557411,0,0.00059492,-0.000555946,-2.83208e+06,-9.28793e+06,0,9.71011e+06,-1.55984e+07,2.05284e+07
ground,93,93,0.0855847,5,5.41058e-05,215,18,0.00017895,0.000165331,0,0.000243634,-0.000822863,366871,4.41521e+06,0,4.43043e+06,-2.64133e+07,2.6199e+07
ground,94,94,0.0253247,5,0.000324274,217,18,0.000479927,-3.82573e-05,0,0.000481449,-0.000219252,4.67967e+06,-276596,0,4.68784e+06,-113950,4.28225e+06
ground,95,95,0.0130277,5,0.00114271,218,18,0.000975576,-0.000851981,0,0.00129523,-0.000752181,1.18257e+06,-5.09772e+06,0,5.23309e+06,-9.05371e+06,1.28416e+07
ground,96,96,0.330777,5,0.000218784,221,18,0.000375801,-6.42464e-06,0,0.000375856,-0.000620262,2.68788e+06,-203454,0,2.69557e+06,-1.57144e+07,1.66391e+07
ground,97,97,0.0340226,5,0.000281998,222,18,0.000426652,7.51526e-05,0,0.000433221,-0.00012602,4.87201e+06,241357,0,4.87798e+06,1.64838e+06,3.14684e+06
ground,98,98,0.0423366,5,0.000465293,223,18,0.000613711,0.000147856,0,0.000631271,-0.000933073,1.77486e+06,2.1716e+06,0,2.80463e+06,-2.08281e+07,2.09683e+07
ground,99,99,0.0096782,5,0.000413172,226,18,0.000504581,0.000311236,0,0.000592849,-0.000866437,979290,4.56372e+06,0,4.66761e+06,-2.07671e+07,2.14564e+07
ground,100,100,0.00890645,5,0.000679099,228,18,0.000567775,0.000626481,0,0.000845486,-0.000552468,518736,5.80787e+06,0,5.83099e+06,-9.85256e+06,1.39104e+07
ground,101,101,0.0185535,5,0.000300445,230,18,0.000458016,1.48249e-05,0,0.000458255,-0.000170178,4.80219e+06,-22327.3,0,4.80224e+06,797643,3.61918e+06
ground,102,102,0.0146209,5,0.00106686,232,18,0.00103144,0.000696975,0,0.00124485,-0.0010141,664564,5.72599e+06,0,5.76443e+06,-1.52275e+07,1.76742e+07
ground,103,103,0.0200726,5,0.000483633,234,18,0.000616608,-0.000218675,0,0.000654236,-0.000962448,1.40166e+06,-3.19029e+06,0,3.48462e+06,-2.1686e+07,2.18622e+07
ground,104,104,0.0746746,5,0.000808408,237,18,0.00089985,0.000394253,0,0.000982428,-0.000925022,1.85302e+06,3.88463e+06,0,4.30396e+06,-1.45911e+07,1.63974e+07
ground,105,105,0.0175626,5,0.000479125,238,18,0.00038053,-0.000578873,0,0.000692746,-0.000639323,-1.45839e+06,-8.08221e+06,0,8.21273e+06,-1.54585e+07,1.94381e+07
ground,106,106,0.0153327,5,0.00122825,243,18,0.00110896,-0.000857876,0,0.00140205,-0.00100998,343571,-6.14859e+06,0,6.15818e+06,-1.41035e+07,1.71066e+07
ground,107,107,0.021586,5,0.000817017,246,18,0.000827745,-0.00055595,0,0.000997117,-0.000919737,837342,-5.43345e+06,0,5.49759e+06,-1.60847e+07,1.82043e+07
ground,108,108,0.0453638,5,0.000259108,250,18,0.000413498,5.46519e-05,0,0.000417094,-0.000913644,1.43675e+06,991340,0,1.74557e+06,-2.46137e+07,2.40143e+07
ground,109,109,0.0996631,5,0.000172041,255,18,0.00027126,0.00024625,0,0.000366361,-0.000772517,396724,5.39487e+06,0,5.40944e+06,-2.2406e+07,2.32051e+07
ground,110,110,0.00679071,5,0.000545945,256,18,0.00070014,0.000119815,0,0.000710318,-0.000298558,4.83068e+06,235183,0,4.8364e+06,1.20988e+06,3.29356e+06
ground,111,111,0.0474536,5,0.000413825,257,18,0.000416906,-0.000446136,0,0.000610613,-0.000679545,866.314,-6.54698e+06,0,6.54698e+06,-1.62286e+07,1.89735e+07
ground,112,112,0.0143667,5,0.000819759,258,18,0.00080957,-0.000586481,0,0.000999682,-0.000896551,778984,-5.53915e+06,0,5.59366e+06,-1.58083e+07,1.79964e+07
ground,113,113,0.0210054,5,9.46125e-05,261,18,0.000215895,-0.000185029,0,0.000284335,-0.000875578,193968,-4.62955e+06,0,4.63362e+06,-2.73276e+07,2.69582e+07
ground,114,114,0.0859141,5,0.000109971,273,18,0.000227855,0.000174451,0,0.000286969,-0.00057288,1.60112e+06,3.96778e+06,0,4.27866e+06,-1.69429e+07,1.83692e+07
ground,115,115,0.0238011,5,0.000756455,275,18,0.000811787,0.000464907,0,0.000935488,-0.000962406,964510,5.1048e+06,0,5.19512e+06,-1.75134e+07,1.90967e+07
ground,116,116,0.0127102,5,4.23649e-05,276,18,0.00018112,3.30092e-05,0,0.000184104,-4.815e-05,4.55658e+06,773356,0,4.62174e+06,-170068,4.58767e+06
ground,117,117,0.00727695,5,6.72201e-06,279,18,0.000141359,-6.38102e-05,0,0.000155094,-0.000203255,3.5594e+06,-1.80884e+06,0,3.99264e+06,-6.27025e+06,9.12937e+06
ground,118,118,0.0221491,5,0.000141449,285,18,0.000282701,4.98855e-05,0,0.000287068,-7.88733e-05,4.63186e+06,759343,0,4.69369e+06,634763,3.95418e+06
ground,119,119,0.0986642,5,0.000563236,289,18,0.000532259,0.000505554,0,0.000734088,-0.000575405,895002,5.46738e+06,0,5.54015e+06,-1.07933e+07,1.43422e+07
ground,120,120,0.0117667,5,6.35104e-05,299,18,9.57853e-05,-0.000241647,0,0.000259939,-0.000282973,380223,-5.84482e+06,0,5.85717e+06,-8.76262e+06,1.3228e+07
ground,121,121,0.0157542,5,7.99714e-05,301,18,0.000210671,6.02825e-05,0,0.000219126,-1.63158e-05,4.54914e+06,981117,0,4.65374e+06,1.24829e+06,3.71588e+06
ground,122,122,0.00961859,5,0.000667668,302,18,0.000699405,-0.000489082,0,0.000853445,-0.000957948,530113,-5.58387e+06,0,5.60898e+06,-1.98044e+07,2.10283e+07
ground,123,123,0.0230525,5,1.81493e-05,307,18,0.000152146,5.32525e-05,0,0.000161196,-0.000105123,4.07248e+06,1.39042e+06,0,4.30329e+06,-2.68664e+06,6.34865e+06
ground,124,124,0.00703039,5,0.000317292,311,18,0.000474771,2.66183e-08,0,0.000474771,-0.00020324,4.74446e+06,51428.8,0,4.74474e+06,316463,4.00891e+06
ground,125,125,0.0973715,5,3.46847e-05,315,18,0.000138948,0.000153389,0,0.000206966,-0.000330953,2.0465e+06,4.02513e+06,0,4.51551e+06,-1.0331e+07,1.316e+07
ground,126,126,0.00661632,5,0.000656204,318,18,0.000819051,5.82763e-05,0,0.000821122,-0.000463126,4.62008e+06,269268,0,4.62792e+06,-655668,4.76278e+06
ground,127,127,0.205269,5,8.10025e-06,322,18,0.000160023,-1.27388e-05,0,0.000160529,-0.000639381,1.93275e+06,-367537,0,1.96738e+06,-2.11335e+07,2.12286e+07
ground,128,128,0.0244898,5,2.19163e-05,326,18,0.000155226,4.13572e-05,0,0.000160641,-9.61776e-06,4.50528e+06,1.00825e+06,0,4.61672e+06,573506,4.20475e+06
ground,129,129,0.0610266,5,7.35103e-05,328,18,0.000225373,-3.04408e-05,0,0.000227419,-0.000787503,1.42317e+06,-802147,0,1.63366e+06,-2.46184e+07,2.41101e+07
ground,130,130,0.0228463,5,0.000155254,330,18,0.000236282,0.000253916,0,0.000346847,-0.000558737,904847,5.33308e+06,0,5.4093e+06,-1.59569e+07,1.81449e+07
ground,131,131,0.0279436,5,0.00047848,331,18,0.000526371,-0.000385983,0,0.000652724,-0.000647874,1.27034e+06,-4.98531e+06,0,5.14462e+06,-1.30812e+07,1.57364e+07
ground,132,132,0.0297498,5,2.59352e-05,332,18,0.000162517,-0.000120994,0,0.000202611,-0.000924649,119389,-3.39631e+06,0,3.3984e+06,-3.0463e+07,2.93343e+07
ground,133,133,0.0439312,5,3.63994e-05,337,18,0.000164562,-0.000153371,0,0.000224952,-0.000852201,251456,-4.22043e+06,0,4.22791e+06,-2.77941e+07,2.72973e+07
ground,134,134,0.0200587,5,0.000952334,342,18,0.000870748,0.000711988,0,0.00112478,-0.000830574,611024,5.82628e+06,0,5.85824e+06,-1.28222e+07,1.60036e+07
ground,135,135,0.00597991,5,0.000450988,347,18,0.000614812,-7.16229e-06,0,0.000614854,-0.000265718,4.79137e+06,-25704.5,0,4.79144e+06,717301,3.61578e+06
ground,136,136,0.0647771,5,9.38451e-05,353,18,0.000247054,-2.86101e-06,0,0.00024707,-0.000808162,1.42277e+06,-54070.8,0,1.42379e+06,-2.48434e+07,2.42645e+07
ground,137,137,0.166495,5,0.000367104,354,18,0.000523103,-7.86098e-05,0,0.000528977,-0.000739968,2.50723e+06,-1.19551e+06,0,2.77766e+06,-1.64593e+07,1.72981e+07
ground,138,138,0.15216,5,4.0494e-05,355,18,0.000190967,4.56777e-05,0,0.000196354,-0.00068628,1.7466e+06,1.24401e+06,0,2.14433e+06,-2.19961e+07,2.19814e+07
ground,139,139,0.0104801,5,0.000168074,356,18,0.000278493,0.00022098,0,0.000355515,-0.00081009,571577,4.78728e+06,0,4.82128e+06,-2.36457e+07,2.3954e+07
ground,140,140,0.0296999,5,7.46838e-05,361,18,0.000226564,2.90228e-05,0,0.000228415,-0.000814356,1.29863e+06,698847,0,1.47473e+06,-2.55074e+07,2.48538e+07
ground,141,141,0.0820558,5,0.000580405,365,18,0.000590429,-0.000490324,0,0.000767479,-0.000793649,371485,-6.06156e+06,0,6.07293e+06,-1.66039e+07,1.89558e+07
ground,142,142,0.124941,5,0.000373504,368,18,0.00052949,-7.65288e-05,0,0.000534992,-0.000784347,2.32401e+06,-1.3176e+06,0,2.67154e+06,-1.77487e+07,1.83506e+07
ground,143,143,0.0157338,5,0.000663507,376,18,0.000513798,-0.000695242,0,0.000864494,-0.000697363,-1.0752e+06,-7.71476e+06,0,7.78932e+06,-1.54062e+07,1.90619e+07
ground,144,144,0.0255674,5,7.93925e-05,377,18,0.00014845,0.000219579,0,0.000265052,-0.000353865,1.16687e+06,5.15754e+06,0,5.28789e+06,-1.05875e+07,1.39955e+07
ground,145,145,0.0432722,5,0.000847118,378,18,0.000923468,0.000433618,0,0.0010202,-0.000884799,2.08833e+06,3.67643e+06,0,4.22815e+06,-1.29989e+07,1.50895e+07
ground,146,146,0.047875,5,0.000173622,380,18,0.000260107,0.000230106,0,0.000347282,-0.000449679,1.65932e+06,4.49902e+06,0,4.79526e+06,-1.18311e+07,1.45504e+07
ground,147,147,0.443168,5,0.000145385,384,18,0.000298924,2.29627e-06,0,0.000298932,-0.000624422,2.47265e+06,652.614,0,2.47265e+06,-1.73358e+07,1.80041e+07
ground,148,148,0.375209,5,0.000113636,385,18,0.000266369,-4.87808e-06,0,0.000266413,-0.000610769,2.43684e+06,-78858.8,0,2.43811e+06,-1.75941e+07,1.82261e+07
ground,149,149,0.0306139,5,4.94778e-06,386,18,9.95176e-05,-0.000153611,0,0.00018303,-0.000283686,1.784e+06,-4.41729e+06,0,4.76394e+06,-9.30474e+06,1.25989e+07
ground,150,150,0.0064059,5,0.000571152,387,18,0.000733197,8.09101e-05,0,0.000737648,-0.000275827,4.94949e+06,-62571,0,4.94989e+06,2.2766e+06,2.43094e+06
ground,151,151,0.0114824,5,1.33687e-06,389,18,0.000127448,-5.28588e-05,0,0.000137975,-3.09823e-05,4.14237e+06,-1.52814e+06,0,4.41525e+06,-471685,4.98014e+06
ground,152,152,0.0220787,5,0.000205483,391,18,0.000351446,-6.05817e-05,0,0.000356629,-6.74988e-05,4.87792e+06,-261691,0,4.88494e+06,1.71128e+06,2.99568e+06
ground,153,153,0.12902,5,0.000282793,392,18,0.000339258,0.000339831,0,0.000480189,-0.000704275,228257,6.15343e+06,0,6.15766e+06,-1.84892e+07,2.04506e+07
ground,154,154,0.0332574,5,0.000843454,398,18,0.000757708,0.000682906,0,0.00102004,-0.000781833,392181,6.08601e+06,0,6.09863e+06,-1.34441e+07,1.66133e+07
ground,155,155,0.0142882,5,0.000249605,400,18,0.000167319,-0.000429809,0,0.000461228,-0.000366908,-1.24219e+06,-7.35122e+06,0,7.45543e+06,-1.03008e+07,1.55585e+07
ground,156,156,0.0626663,5,0.000881651,403,18,0.00097742,-0.000402741,0,0.00105714,-0.000970405,1.99912e+06,-3.58919e+06,0,4.10838e+06,-1.45771e+07,1.62947e+07
ground,157,157,0.048357,5,0.000440887,406,18,0.000494819,-0.000350383,0,0.000606312,-0.000537629,1.87782e+06,-4.27387e+06,0,4.66821e+06,-1.01487e+07,1.31479e+07
ground,158,158,0.393499,5,0.000130858,408,18,0.000285681,1.74421e-05,0,0.000286213,-0.000616036,2.43322e+06,379230,0,2.4626e+06,-1.75678e+07,1.82026e+07
ground,159,159,0.120053,5,0.000520828,422,18,0.00065925,0.000199027,0,0.000688638,-0.00085145,2.0625e+06,2.77649e+06,0,3.45873e+06,-1.70952e+07,1.80519e+07
ground,160,160,0.0244988,5,0.00124913,424,18,0.00116969,-0.000806829,0,0.00142096,-0.00102368,822748,-5.57144e+06,0,5.63186e+06,-1.31659e+07,1.61018e+07
ground,161,161,0.0103365,5,0.000546136,426,18,0.000561717,-0.000476136,0,0.000736364,-0.000822347,299002,-6.09201e+06,0,6.09934e+06,-1.80854e+07,2.00157e+07
ground,162,162,0.0157644,5,0.000780222,427,18,0.000746569,-0.000624951,0,0.000973617,-0.000977553,-148637,-6.64463e+06,0,6.64629e+06,-1.96367e+07,2.14161e+07
ground,163,163,0.0836251,5,0.000525637,428,18,0.000581965,-0.000409181,0,0.000711416,-0.000874402,488867,-5.69957e+06,0,5.72049e+06,-1.92505e+07,2.07565e+07
ground,164,164,0.0399027,5,0.000857159,429,18,0.00092839,0.000444536,0,0.00102933,-0.000871644,2.14328e+06,3.64773e+06,0,4.23079e+06,-1.24849e+07,1.46703e+07
ground,165,165,0.396588,5,6.42643e-05,430,18,0.000217892,1.75353e-05,0,0.000218597,-0.000686635,1.88342e+06,461905,0,1.93924e+06,-2.14992e+07,2.15098e+07
ground,166,166,0.456147,5,7.9648e-05,431,18,0.000233571,-1.88488e-05,0,0.000234331,-0.000680616,1.96269e+06,-481340,0,2.02085e+06,-2.09391e+07,2.10362e+07
ground,167,167,0.0364414,5,0.0001132,438,18,0.000202046,0.000207603,0,0.000289692,-0.000407783,1.69931e+06,4.45213e+06,0,4.76541e+06,-1.16421e+07,1.43816e+07
ground,168,168,0.00979073,5,2.13667e-05,440,18,0.000162232,-1.91192e-05,0,0.000163354,-4.98165e-05,4.59584e+06,-469966,0,4.61981e+06,-602059,4.80321e+06
ground,169,169,0.331676,5,0.000152049,444,18,0.000307615,-1.2312e-05,0,0.000307862,-0.000634578,2.41881e+06,-243162,0,2.431e+06,-1.7713e+07,1.83153e+07
ground,170,170,0.0447497,5,0.000481989,447,18,0.000631977,-0.000145078,0,0.000648415,-0.00095589,1.75389e+06,-2.00694e+06,0,2.66531e+06,-2.12462e+07,2.13008e+07
ground,171,171,0.372489,5,0.000220229,450,18,0.000375505,1.19126e-05,0,0.000375694,-0.000667156,2.50046e+06,334386,0,2.52272e+06,-1.70875e+07,1.77901e+07
ground,172,172,0.139267,5,0.000294486,453,18,0.000447899,8.11598e-05,0,0.000455192,-0.000728316,2.32256e+06,1.35088e+06,0,2.68685e+06,-1.77038e+07,1.83535e+07
ground,173,173,0.0271507,5,0.000258785,454,18,0.000407863,9.97045e-05,0,0.000419872,-0.000941231,1.1895e+06,1.85518e+06,0,2.20376e+06,-2.56297e+07,2.49367e+07
ground,174,174,0.0165603,5,0.000144114,457,18,0.000291664,2.12331e-05,0,0.000292436,-0.000116529,4.64243e+06,313861,0,4.65303e+06,-333538,4.51916e+06
ground,175,175,0.0435739,5,0.000263202,458,18,0.000406241,0.00013085,0,0.000426795,-0.00077021,1.80233e+06,2.53597e+06,0,3.1112e+06,-1.98596e+07,2.02955e+07
ground,176,176,0.242547,5,0.00027429,459,18,0.000430355,4.93796e-05,0,0.000433179,-0.000710406,2.40668e+06,930794,0,2.58041e+06,-1.74809e+07,1.81197e+07
ground,177,177,0.267155,5,6.98456e-05,462,18,0.000219192,-6.22174e-05,0,0.000227851,-0.000693703,1.75265e+06,-1.62999e+06,0,2.39346e+06,-2.15923e+07,2.16688e+07
ground,178,178,0.0112417,5,0.000531062,463,18,0.000481106,-0.000543935,0,0.000726174,-0.000683031,-457033,-7.06241e+06,0,7.07718e+06,-1.50585e+07,1.84069e+07
ground,179,179,0.00925099,5,0.000360261,467,18,0.000503798,-0.000150159,0,0.0005257,-0.000978083,1.19608e+06,-2.57033e+06,0,2.83499e+06,-2.46571e+07,2.41762e+07
ground,180,180,0.0209795,5,0.000669027,469,18,0.000718333,0.000457255,0,0.000851519,-0.000935208,778803,5.29142e+06,0,5.34843e+06,-1.86149e+07,2.00518e+07
ground,181,181,0.0326295,5,0.000589482,470,18,0.000671534,0.000388773,0,0.000775952,-0.00109096,217464,5.41451e+06,0,5.41887e+06,-2.45908e+07,2.47857e+07
ground,182,182,0.348538,5,0.000300262,471,18,0.00045951,-1.30966e-05,0,0.000459697,-0.000711914,2.52163e+06,-233410,0,2.53241e+06,-1.69658e+07,1.76588e+07
ground,183,183,0.0235361,5,0.00102768,479,18,0.00107228,-0.000555416,0,0.00120759,-0.00109323,1.18471e+06,-4.8193e+06,0,4.96278e+06,-1.67031e+07,1.83867e+07
ground,184,184,0.0188256,5,7.99985e-05,481,18,8.0391e-05,0.000302979,0,0.000313463,-0.000372992,-907227,7.27078e+06,0,7.32717e+06,-1.18479e+07,1.646e+07
ground,185,185,0.0127242,5,6.2063e-05,485,18,0.000101801,0.000258478,0,0.000277802,-0.000385193,-522.755,6.45924e+06,0,6.45924e+06,-1.21417e+07,1.60065e+07
ground,186,186,0.0648497,5,0.000444582,489,18,0.000484891,-0.00035901,0,0.000603331,-0.000464084,2.09942e+06,-4.03851e+06,0,4.55161e+06,-7.93228e+06,1.13667e+07
ground,187,187,0.0244233,5,1.22071e-05,493,18,0.000119248,-0.000109619,0,0.000161977,-0.000149727,2.94073e+06,-3.02167e+06,0,4.21644e+06,-4.51844e+06,8.33641e+06
ground,188,188,0.103426,5,0.00049675,495,18,0.000613365,0.000266318,0,0.000668687,-0.000811935,1.77708e+06,3.60897e+06,0,4.02277e+06,-1.68292e+07,1.8107e+07
ground,189,189,0.0292602,5,0.000467428,507,18,0.000488059,-0.000398834,0,0.000630294,-0.000494087,1.7553e+06,-4.45417e+06,0,4.78756e+06,-8.94866e+06,1.23575e+07
ground,190,190,0.0433883,5,0.000850133,511,18,0.000944766,0.000406768,0,0.00102861,-0.00107754,1.29099e+06,4.32533e+06,0,4.51388e+06,-1.85847e+07,1.96775e+07
ground,191,191,0.0128076,5,8.00628e-06,512,18,0.000158207,-2.05449e-05,0,0.000159535,-0.000875084,722160,-593145,0,934525,-2.91653e+07,2.79733e+07
ground,192,192,0.0499549,5,2.22451e-06,513,18,8.91663e-05,0.000139761,0,0.000165782,-0.000183708,2.05154e+06,4.04941e+06,0,4.53944e+06,-5.88098e+06,9.92195e+06
ground,193,193,0.057995,5,0.000642642,514,18,0.000658905,0.000501084,0,0.000827793,-0.00084547,436220,5.95782e+06,0,5.97376e+06,-1.69076e+07,1.91269e+07
ground,194,194,0.00585363,5,0.000258593,520,18,0.000375075,-0.000138127,0,0.0003997,-8.04408e-05,4.64704e+06,-855060,0,4.72505e+06,1.70703e+06,3.14124e+06
ground,195,195,0.00600708,5,0.000462783,521,18,0.000617415,7.52906e-05,0,0.000621989,-0.00032252,4.59251e+06,558136,0,4.6263e+06,-435533,4.60576e+06
ground,196,196,0.03257,5,0.000477612,522,18,0.000618612,-0.000179098,0,0.000644016,-0.000871852,1.90653e+06,-2.7304e+06,0,3.33016e+06,-1.85849e+07,1.92298e+07
ground,197,197,0.111948,5,0.000124567,524,18,0.000216891,-0.000246538,0,0.000328364,-0.000720676,234987,-5.79415e+06,0,5.79892e+06,-2.1697e+07,2.28254e+07
ground,198,198,0.431462,5,0.000197512,532,18,0.000352346,-2.51603e-06,0,0.000352355,-0.000648508,2.52165e+06,-124923,0,2.52474e+06,-1.69697e+07,1.7691e+07
ground,199,199,0.0361453,5,0.0010312,534,18,0.00104948,-0.000581642,0,0.00119988,-0.000889952,1.94256e+06,-4.14961e+06,0,4.58179e+06,-1.07823e+07,1.35642e+07
ground,200,200,0.0223461,5,0.000567184,536,18,0.000685391,-0.000280383,0,0.000740524,-0.00096282,1.3676e+06,-3.79393e+06,0,4.0329e+06,-2.01449e+07,2.07368e+07
ground,201,201,0.00823309,5,0.000375808,537,18,0.000428449,-0.000373816,0,0.000568601,-0.000778153,372105,-5.88799e+06,0,5.89974e+06,-1.92596e+07,2.0834e+07
ground,202,202,0.00849238,5,0.000354623,540,18,0.000406943,0.000380911,0,0.000557402,-0.000879644,-191067,6.42012e+06,0,6.42296e+06,-2.29819e+07,2.39132e+07
ground,203,203,0.0104956,5,0.000210326,544,18,0.000302239,-0.000285503,0,0.000415764,-0.000991191,-554081,-6.07636e+06,0,6.10157e+06,-2.90052e+07,2.86151e+07
ground,204,204,0.288075,5,5.37796e-06,554,18,0.000154412,-4.96766e-05,0,0.000162206,-0.000617063,1.9292e+06,-1.43645e+06,0,2.40525e+06,-2.0467e+07,2.0743e+07
ground,205,205,0.0132178,5,0.000440465,555,18,0.000559032,-0.000251043,0,0.000612812,-0.000899429,1.29242e+06,-3.84197e+06,0,4.05353e+06,-2.06799e+07,2.11773e+07
ground,206,206,0.0259327,5,0.000311359,557,18,0.000453602,0.00014887,0,0.000477407,-0.000908278,1.29342e+06,2.77206e+06,0,3.05896e+06,-2.34503e+07,2.32699e+07
ground,207,207,0.336836,5,0.000181622,559,18,0.000338068,9.92992e-06,0,0.000338214,-0.00073341,2.05683e+06,251807,0,2.07219e+06,-2.03746e+07,2.05179e+07
ground,208,208,0.0157569,5,0.000291319,565,18,0.000443024,1.264e-05,0,0.000443204,-0.000170492,4.77066e+06,336016,0,4.78248e+06,769550,3.77996e+06
ground,209,209,0.0297334,5,7.40477e-05,574,18,0.000225427,1.73045e-05,0,0.00022609,-0.000932831,711387,445256,0,839240,-2.95467e+07,2.82131e+07
ground,210,210,0.0260631,5,0.000689599,576,18,0.00079924,-0.000323794,0,0.000862338,-0.000889261,1.97583e+06,-3.45339e+06,0,3.97867e+06,-1.5493e+07,1.69614e+07
ground,211,211,0.106214,5,3.48598e-05,578,18,0.000187024,2.07119e-05,0,0.000188167,-0.000677824,1.82986e+06,565884,0,1.91537e+06,-2.18207e+07,2.17941e+07
ground,212,212,0.00838331,5,0.000309616,581,18,0.000450558,9.79869e-05,0,0.00046109,-0.000225686,4.50031e+06,787463,0,4.56869e+06,-677850,4.81157e+06
ground,213,213,0.0210517,5,6.30055e-05,583,18,0.000198306,-5.3803e-05,0,0.000205475,-0.000106784,4.31603e+06,-1.01567e+06,0,4.43393e+06,-1.72936e+06,5.60508e+06
ground,214,214,0.00632873,5,0.000848841,587,18,0.00069973,0.000755076,0,0.00102945,-0.000747886,-600550,7.12835e+06,0,7.1536e+06,-1.34246e+07,1.72907e+07
ground,215,215,0.0667914,5,0.00015924,589,18,0.000310718,-5.875e-05,0,0.000316223,-0.000761391,1.78016e+06,-1.36702e+06,0,2.24449e+06,-2.17633e+07,2.17206e+07
ground,216,216,0.0583777,5,0.000540694,590,18,0.000688597,-0.000168901,0,0.000709009,-0.000932834,1.9742e+06,-2.1358e+06,0,2.90846e+06,-1.92899e+07,1.97258e+07
ground,217,217,0.276004,5,0.000122871,592,18,0.000277532,-1.47053e-06,0,0.000277536,-0.000644775,2.29025e+06,-32610.2,0,2.29048e+06,-1.86833e+07,1.91215e+07
ground,218,218,0.0538172,5,0.000160384,594,18,0.000198497,0.000282472,0,0.000345241,-0.000380884,853475,5.49991e+06,0,5.56574e+06,-1.04202e+07,1.40992e+07
ground,219,219,0.0163683,5,0.000768268,596,18,0.000846822,0.000418963,0,0.000944795,-0.000930994,1.61951e+06,4.10708e+06,0,4.41486e+06,-1.60341e+07,1.76294e+07
ground,220,220,0.0117572,5,7.07094e-05,598,18,5.75657e-05,-0.000277947,0,0.000283845,-0.000251566,-661651,-6.58723e+06,0,6.62038e+06,-8.09007e+06,1.34995e+07
ground,221,221,0.0140446,5,0.000530075,599,18,0.000694983,-8.80521e-06,0,0.000695038,-0.000342295,4.75338e+06,-38664.3,0,4.75354e+06,352600,3.97836e+06
ground,222,222,0.235325,5,0.00014267,600,18,0.000294624,5.4786e-05,0,0.000299675,-0.000627627,2.3447e+06,1.18415e+06,0,2.62675e+06,-1.77e+07,1.83608e+07
ground,223,223,0.0103331,5,0.000386476,609,18,0.000243553,0.000603651,0,0.000650933,-0.000661041,-3.20682e+06,9.89817e+06,0,1.04047e+07,-1.83624e+07,2.27854e+07
ground,224,224,0.0392716,5,0.000840237,612,18,0.000851968,0.0005398,0,0.00100858,-0.000779176,1.68968e+06,4.48954e+06,0,4.79698e+06,-1.11752e+07,1.40408e+07
ground,225,225,0.0144306,5,0.000285594,614,18,0.000217001,0.000456949,0,0.000505857,-0.000478078,-1.4084e+06,7.81715e+06,0,7.94301e+06,-1.2993e+07,1.76461e+07
ground,226,226,0.0290659,5,0.00124415,617,18,0.00116311,-0.000778878,0,0.00139981,-0.000858223,1.95393e+06,-4.21494e+06,0,4.64582e+06,-8.14252e+06,1.16217e+07
ground,227,227,0.0221519,5,0.000122364,620,18,0.000271912,-6.41282e-05,0,0.000279372,-0.000884513,1.04889e+06,-1.57714e+06,0,1.89407e+06,-2.67736e+07,2.59225e+07
ground,228,228,0.0087547,5,2.63245e-06,622,18,0.000143506,-1.11435e-05,0,0.000143938,-1.27485e-05,4.70554e+06,-317643,0,4.71625e+06,196244,4.32962e+06
ground,229,229,0.0396406,5,0.000293152,623,18,0.000436848,0.000133468,0,0.000456782,-0.000788045,1.83195e+06,2.4609e+06,0,3.06791e+06,-1.97886e+07,2.0211e+07
ground,230,230,0.137939,5,9.48859e-05,624,18,0.000248022,-1.7981e-05,0,0.000248673,-0.000796523,1.46914e+06,-495326,0,1.55039e+06,-2.44384e+07,2.39392e+07
ground,231,231,0.0817024,5,0.000163602,629,18,0.000173539,0.000299843,0,0.000346441,-0.000315006,564939,5.66189e+06,0,5.69001e+06,-8.56112e+06,1.29429e+07
ground,232,232,0.0234463,5,0.000150608,633,18,0.00019674,0.00026817,0,0.000332598,-0.000366242,1.11503e+06,5.20775e+06,0,5.32578e+06,-1.01519e+07,1.37122e+07
ground,233,233,0.0917576,5,0.000402657,638,18,0.00036841,-0.00044106,0,0.000574682,-0.000440081,675706,-5.62438e+06,0,5.66482e+06,-9.38158e+06,1.34635e+07
ground,234,234,0.0227028,5,0.000952799,643,18,0.000885691,0.000667282,0,0.00110892,-0.000699728,1.74315e+06,4.46432e+06,0,4.79257e+06,-8.39037e+06,1.19566e+07
ground,235,235,0.191623,5,0.000103751,646,18,0.000257789,-4.63911e-06,0,0.00025783,-0.000654523,2.18614e+06,-126635,0,2.18981e+06,-1.94341e+07,1.97514e+07
ground,236,236,0.00991346,5,0.000344467,653,18,0.000484948,0.000107213,0,0.000496658,-0.000245639,4.43065e+06,974198,0,4.53649e+06,-664598,4.82095e+06
ground,237,237,0.0246205,5,0.000336386,657,18,0.000305502,0.00039575,0,0.00049995,-0.000340086,967241,5.18495e+06,0,5.2744e+06,-7.28716e+06,1.17178e+07
ground,238,238,0.00735484,5,0.000120205,664,18,-2.03164e-05,0.000521467,0,0.000521863,-0.000656772,-6.22435e+06,1.26665e+07,0,1.41133e+07,-2.18764e+07,2.7638e+07
ground,239,239,0.00848234,5,0.000410687,665,18,0.000567686,-4.97493e-05,0,0.000569862,-6.87243e-05,4.91956e+06,-113667,0,4.92088e+06,4.36537e+06,593688
ground,240,240,0.280381,5,4.37473e-05,668,18,0.000189969,-7.57103e-05,0,0.0002045,-0.000638644,1.84196e+06,-2.0449e+06,0,2.75216e+06,-2.03467e+07,2.07009e+07
ground,241,241,0.150838,5,6.01651e-05,676,18,0.000185831,0.000127521,0,0.000225377,-0.00041448,2.37488e+06,3.18118e+06,0,3.96988e+06,-1.25106e+07,1.45263e+07
ground,242,242,0.0324407,5,0.000431309,678,18,0.000493604,-0.000348551,0,0.000604262,-0.000623025,1.44559e+06,-4.74432e+06,0,4.95967e+06,-1.2924e+07,1.55006e+07
ground,243,243,0.0129642,5,0.000209192,679,18,0.000136897,-0.000432705,0,0.000453844,-0.000453707,-2.1018e+06,-8.43145e+06,0,8.68947e+06,-1.34143e+07,1.84825e+07
ground,244,244,0.0285489,5,7.69722e-05,685,18,9.45737e-05,-0.000239817,0,0.000257791,-0.000211091,592320,-5.39382e+06,0,5.42624e+06,-6.38116e+06,1.13329e+07
ground,245,245,0.332088,5,0.000161586,686,18,0.000313122,-6.49823e-05,0,0.000319794,-0.000685742,2.096e+06,-1.49694e+06,0,2.57566e+06,-1.92455e+07,1.96656e+07
ground,246,246,0.113882,5,0.000508231,687,18,0.000645923,0.000200797,0,0.000676414,-0.000807777,2.25781e+06,2.5277e+06,0,3.38924e+06,-1.60561e+07,1.71867e+07
ground,247,247,0.0107047,5,0.00113668,689,18,0.00089645,-0.000956088,0,0.00131062,-0.000852449,-668249,-7.21889e+06,0,7.24975e+06,-1.38001e+07,1.75853e+07
ground,248,248,0.225302,5,6.43492e-05,690,18,0.000216345,-3.56238e-05,0,0.000219258,-0.000611195,2.2132e+06,-880564,0,2.38195e+06,-1.89166e+07,1.93742e+07
ground,249,249,0.0221294,5,0.00101384,692,18,0.00104502,-0.000562315,0,0.0011867,-0.000934601,1.91322e+06,-4.06155e+06,0,4.48961e+06,-1.24039e+07,1.47819e+07
ground,250,250,0.0406167,5,0.000629516,693,18,0.000568941,0.00054691,0,0.000789179,-0.000524336,1.1859e+06,5.07368e+06,0,5.21043e+06,-8.61899e+06,1.25289e+07
ground,251,251,0.0845592,5,0.000493029,698,18,0.000540104,-0.000413807,0,0.000680403,-0.000820519,448629,-5.84273e+06,0,5.85993e+06,-1.83527e+07,2.01564e+07
ground,252,252,0.00457457,5,0.000217608,699,18,0.000325427,0.000208908,0,0.000386711,-0.00223095,-6.01651e+06,5.27579e+06,0,8.00202e+06,-7.04062e+07,6.2204e+07
ground,253,253,0.0554696,5,0.000618931,700,18,0.000568271,0.000555481,0,0.000794664,-0.000629395,679257,5.73746e+06,0,5.77753e+06,-1.20886e+07,1.54555e+07
ground,254,254,0.224327,5,0.000246577,705,18,0.000400544,6.14591e-05,0,0.000405231,-0.000628131,2.65748e+06,1.10457e+06,0,2.8779e+06,-1.53872e+07,1.64215e+07
ground,255,255,0.0399172,5,0.000904955,709,18,0.000998275,-0.00041637,0,0.00108163,-0.00098906,2.01519e+06,-3.49506e+06,0,4.0344e+06,-1.48727e+07,1.65142e+07
ground,256,256,0.193604,5,0.000359638,713,18,0.000516497,-6.77257e-05,0,0.000520919,-0.000756619,2.42592e+06,-1.1453e+06,0,2.68268e+06,-1.71441e+07,1.78472e+07
ground,257,257,0.0305511,5,2.93755e-05,718,18,0.000181005,8.70595e-06,0,0.000181214,-0.000822013,1.10308e+06,245464,0,1.13006e+06,-2.68433e+07,2.5995e+07
ground,258,258,0.0709259,5,0.000810728,720,18,0.000859512,-0.000454997,0,0.000972514,-0.000700115,2.66728e+06,-3.22213e+06,0,4.18289e+06,-8.35063e+06,1.12569e+07
ground,259,259,0.016197,5,2.62201e-05,722,18,0.000167929,-1.64893e-05,0,0.000168736,-6.632e-05,4.55424e+06,-416694,0,4.57326e+06,-1.04169e+06,5.06832e+06
ground,260,260,0.00660948,5,0.000450407,723,18,0.000608353,5.45248e-05,0,0.000610791,-0.000294334,4.71966e+06,297038,0,4.729e+06,236833,4.12949e+06
ground,261,261,0.161614,5,0.000296723,724,18,0.000449423,8.54981e-05,0,0.000457484,-0.000716551,2.36219e+06,1.46456e+06,0,2.77937e+06,-1.7259e+07,1.79934e+07
ground,262,262,0.1507,5,0.000272078,725,18,0.000424449,-8.57849e-05,0,0.000433031,-0.000740457,2.17788e+06,-1.4877e+06,0,2.6375e+06,-1.86428e+07,1.91547e+07
ground,263,263,0.0870468,5,3.97635e-05,730,18,0.000169073,-0.000151915,0,0.000227297,-0.000924004,-46751.6,-4.17307e+06,0,4.17333e+06,-3.01481e+07,2.92176e+07
ground,264,264,0.134426,5,0.000263243,739,18,0.000316932,-0.000329585,0,0.000457245,-0.000629687,451608,-5.95354e+06,0,5.97065e+06,-1.64826e+07,1.88402e+07
ground,265,265,0.00478765,5,0.000136166,746,18,3.28881e-05,0.000687629,0,0.000688415,-0.00178171,-1.09521e+07,1.81522e+07,0,2.12002e+07,-5.8769e+07,5.74306e+07
ground,266,266,0.0052037,5,0.000119333,748,18,0.00022256,0.000119278,0,0.000252508,-6.22486e-05,4.08487e+06,1.61532e+06,0,4.39266e+06,241707,4.61594e+06
ground,267,267,0.106385,5,0.000381519,752,18,0.000446538,0.000301994,0,0.00053907,-0.00043535,2.34726e+06,3.7273e+06,0,4.40481e+06,-7.66534e+06,1.09943e+07
ground,268,268,0.0247524,5,0.000572628,756,18,0.000698576,-0.00025884,0,0.000744988,-0.000934213,1.69272e+06,-3.21118e+06,0,3.63001e+06,-1.90862e+07,1.97787e+07
ground,269,269,0.0307393,5,0.00118171,763,18,0.00112023,-0.000723402,0,0.0013335,-0.000795644,2.2973e+06,-3.80082e+06,0,4.44115e+06,-6.82795e+06,1.04229e+07
ground,270,270,0.00454721,5,9.67054e-05,768,18,0.000205663,-0.000105641,0,0.000231209,-6.19841e-05,4.05281e+06,-1.65763e+06,0,4.37869e+06,-8086.03,4.77534e+06
ground,271,271,0.103596,5,0.00034751,770,18,0.000483224,0.00016995,0,0.000512238,-0.000657341,2.43615e+06,2.51147e+06,0,3.4989e+06,-1.45181e+07,1.59507e+07
ground,272,272,0.00483563,5,3.65151e-05,786,18,-0.000301541,0.00078775,0,0.000843491,-0.00114085,-1.66583e+07,2.22668e+07,0,2.78084e+07,-4.04088e+07,4.84181e+07
ground,273,273,0.094843,5,0.000278091,787,18,0.000372917,0.000285961,0,0.000469937,-0.000893261,180221,5.50136e+06,0,5.50431e+06,-2.42861e+07,2.46875e+07
ground,274,274,0.144854,5,0.000172718,788,18,0.000322688,7.34954e-05,0,0.000330952,-0.000696845,2.06432e+06,1.64364e+06,0,2.63875e+06,-1.93145e+07,1.97255e+07
ground,275,275,0.0058874,5,3.49152e-05,789,18,-0.000152502,0.000693839,0,0.000710401,-0.0013311,-1.26555e+07,1.96689e+07,0,2.33886e+07,-4.60516e+07,4.9575e+07
ground,276,276,0.0226295,5,8.47855e-05,792,18,0.00021023,0.000173515,0,0.000272588,-0.000961294,-138654,4.46342e+06,0,4.46558e+06,-3.04125e+07,2.94375e+07
ground,277,277,0.0746846,5,0.000307102,797,18,0.000383278,-0.000268875,0,0.000468184,-0.000429693,2.22752e+06,-3.85176e+06,0,4.44948e+06,-8.73023e+06,1.18548e+07
ground,278,278,0.00451691,5,0.00017803,804,18,0.000289994,-0.000124382,0,0.000315543,-5.88807e-05,4.39373e+06,-1.21565e+06,0,4.55881e+06,1.21675e+06,3.7404e+06
ground,279,279,0.0043423,5,0.000356804,816,18,0.00048596,-0.000146996,0,0.000507706,-0.000175019,4.68914e+06,-699978,0,4.74109e+06,1.06226e+06,3.56151e+06
ground,280,280,0.101811,5,0.000336019,818,18,0.000494056,-4.68646e-05,0,0.000496274,-0.000801836,2.20136e+06,-770276,0,2.33224e+06,-1.91477e+07,1.94739e+07
ground,281,281,0.00408104,5,0.00116154,822,18,0.0013546,5.05189e-07,0,0.0013546,-0.00068,4.92818e+06,116162,0,4.92955e+06,2.05455e+06,2.64814e+06
ground,282,282,0.00449391,5,0.000806856,823,18,0.000966099,-0.00014616,0,0.000977093,-0.000468258,4.81865e+06,159157,0,4.82128e+06,1.02648e+06,3.39385e+06
ground,283,283,0.00825303,5,0.000305131,836,18,0.000462281,-1.26799e-05,0,0.000462455,-0.000202311,4.58699e+06,75003,0,4.5876e+06,-372387,4.30793e+06
ground,284,284,0.0386725,5,0.000420177,846,18,0.000455212,-0.000364001,0,0.000582851,-0.000474508,1.79374e+06,-4.4079e+06,0,4.75889e+06,-8.83722e+06,1.22483e+07
ground,285,285,0.0204419,5,0.000138402,850,18,0.000291,-3.57932e-05,0,0.000293193,-0.000884175,1.18348e+06,-762156,0,1.40766e+06,-2.63868e+07,2.55426e+07
ground,286,286,0.0045946,5,0.000185488,853,18,0.000235147,0.000427276,0,0.000487707,-0.0020211,-6.99129e+06,1.0949e+07,0,1.29907e+07,-6.45676e+07,5.87444e+07
ground,287,287,0.0430723,5,0.000214915,855,18,0.000163856,-0.000360672,0,0.000396148,-0.000266105,-21202.7,-5.97764e+06,0,5.97767e+06,-7.19046e+06,1.23684e+07
ground,288,288,0.174124,5,0.000134643,857,18,0.000209281,-0.000261732,0,0.000335115,-0.000581828,501313,-5.85095e+06,0,5.87239e+06,-1.70269e+07,1.92138e+07
ground,289,289,0.286655,5,0.000160061,870,18,0.000314877,-2.925e-05,0,0.000316233,-0.000670139,2.26029e+06,-701796,0,2.36673e+06,-1.87138e+07,1.91592e+07
ground,290,290,0.067047,5,0.000194511,873,18,0.0003499,-1.3644e-05,0,0.000350166,-0.000832304,1.65036e+06,-257779,0,1.67037e+06,-2.33317e+07,2.29497e+07
ground,291,291,0.011736,5,0.000155827,875,18,0.000146508,-0.000331187,0,0.000362146,-0.000360099,-240437,-6.56741e+06,0,6.57181e+06,-1.05926e+07,1.50386e+07
ground,292,292,0.0168065,5,0.00106907,876,18,0.00102231,0.000686697,0,0.00123153,-0.000826734,1.79587e+06,4.39547e+06,0,4.74819e+06,-9.73185e+06,1.28982e+07
ground,293,293,0.32914,5,0.000189411,877,18,0.000346113,-1.88278e-06,0,0.000346118,-0.000697865,2.24892e+06,-74340.6,0,2.25015e+06,-1.89962e+07,1.93679e+07
ground,294,294,0.00415354,5,0.00013658,882,18,4.31973e-05,-0.00066577,0,0.00066717,-0.00171271,-1.03299e+07,-1.75318e+07,0,2.03487e+07,-5.63524e+07,5.52733e+07
ground,295,295,0.0751493,5,9.61348e-06,906,18,0.000161587,1.13219e-05,0,0.000161984,-0.000688507,1.69788e+06,324465,0,1.72861e+06,-2.27718e+07,2.26027e+07
ground,296,296,0.00485986,5,0.000206874,909,18,0.000345675,2.66751e-05,0,0.000346702,-0.00172749,-2.80267e+06,646843,0,2.87634e+06,-5.33194e+07,4.7727e+07
ground,297,297,0.019107,5,0.000489345,912,18,0.000634348,-0.000108075,0,0.000643489,-0.000187689,4.85711e+06,-531437,0,4.8861e+06,3.04422e+06,1.99009e+06
ground,298,298,0.0720312,5,0.000325778,920,18,0.000429535,-0.000250075,0,0.000497029,-0.000632693,1.77922e+06,-4.01748e+06,0,4.39383e+06,-1.46392e+07,1.65195e+07
ground,299,299,0.0123956,5,0.000204752,922,18,0.00029411,-0.000275001,0,0.000402649,-0.000801895,199599,-5.72072e+06,0,5.7242e+06,-2.28277e+07,2.36124e+07
ground,300,300,0.0303889,5,4.96348e-05,925,18,0.000149867,0.000127251,0,0.000196604,-0.00015812,2.9813e+06,2.97244e+06,0,4.20993e+06,-4.11705e+06,8.0301e+06
ground,301,301,0.01268,5,8.33659e-06,930,18,0.000158549,-2.39953e-05,0,0.000160354,-0.000861588,790070,-692074,0,1.05032e+06,-2.86975e+07,2.75847e+07
ground,302,302,0.103391,5,0.00036557,934,18,0.000395527,-0.000387578,0,0.000553768,-0.000631127,490550,-5.95713e+06,0,5.97729e+06,-1.4979e+07,1.77025e+07
ground,303,303,0.00509321,5,0.000742818,938,18,0.000897382,0.000179758,0,0.000915209,-0.000403858,4.84887e+06,287203,0,4.85737e+06,1.4972e+06,3.04568e+06
ground,304,304,0.189306,5,0.000153877,942,18,0.00030718,4.60325e-05,0,0.00031061,-0.000719893,1.97734e+06,1.09509e+06,0,2.26033e+06,-2.053e+07,2.06938e+07
ground,305,305,0.00441335,5,0.00015821,943,18,4.95039e-05,-0.000703354,0,0.000705094,-0.00180032,-1.09986e+07,-1.8291e+07,0,2.13432e+07,-5.89711e+07,5.76123e+07
ground,306,306,0.0045683,5,0.000306192,944,18,0.000418799,-0.00016397,0,0.000449754,-0.000118868,4.58997e+06,-935806,0,4.6844e+06,1.43929e+06,3.39782e+06
ground,307,307,0.00425805,5,0.000407649,946,18,0.000559726,-7.07426e-05,0,0.000564179,-0.000287405,4.53927e+06,-714468,0,4.59515e+06,-519137,4.66577e+06
ground,308,308,0.0292915,5,7.4519e-05,947,18,0.000116974,0.000232761,0,0.000260501,-0.00027529,861833,5.37339e+06,0,5.44207e+06,-8.36529e+06,1.25858e+07
ground,309,309,0.00425204,5,2.3228e-05,955,18,-0.000271808,-0.000534662,0,0.000599785,-0.000465873,-1.19549e+07,-1.50739e+07,0,1.92391e+07,-1.7469e+07,2.86728e+07
ground,310,310,0.104422,5,1.55057e-05,956,18,8.64872e-05,0.000211773,0,0.000228753,-0.000403885,511042,5.94449e+06,0,5.96642e+06,-1.32734e+07,1.64646e+07
ground,311,311,0.00562082,5,0.00034339,959,18,0.000188073,-0.000604115,0,0.000632714,-0.000663926,-3.99181e+06,-1.06483e+07,0,1.1372e+07,-1.92406e+07,2.39919e+07
ground,312,312,0.0669579,5,0.000574028,960,18,0.000716333,-0.000197076,0,0.000742948,-0.000905311,2.05725e+06,-2.56404e+06,0,3.28734e+06,-1.77062e+07,1.84981e+07
ground,313,313,0.00444999,5,0.000121206,964,18,-0.000387578,-0.000772689,0,0.000864445,-0.000640475,-1.77222e+07,-1.96519e+07,0,2.64627e+07,-2.4033e+07,3.74932e+07
ground,314,314,0.00455002,5,0.000529485,965,18,0.000690938,6.2828e-05,0,0.000693789,-0.00032753,4.77179e+06,249342,0,4.7783e+06,651030,3.79772e+06
ground,315,315,0.012276,5,0.000312093,971,18,0.000469701,7.46699e-06,0,0.00046976,-0.000140607,4.91731e+06,-53693,0,4.91761e+06,1.88911e+06,2.87393e+06
ground,316,316,0.0043988,5,0.0001976,973,18,0.000296041,-0.000146265,0,0.000330202,-4.77983e-05,4.33405e+06,-1.27593e+06,0,4.51797e+06,1.58222e+06,3.5557e+06
ground,317,317,0.139774,5,0.000290629,976,18,0.000448541,2.22418e-05,0,0.000449093,-0.000837279,1.92943e+06,325894,0,1.95676e+06,-2.1334e+07,2.12705e+07
ground,318,318,0.00425842,5,0.000521819,978,18,0.000685432,3.3331e-05,0,0.000686242,-0.000330545,4.77096e+06,56744.2,0,4.77129e+06,503599,3.89601e+06
ground,319,319,0.0042592,5,0.000870265,981,18,0.000993143,-0.000301178,0,0.00103781,-0.000437218,4.75832e+06,-681351,0,4.80685e+06,2.10806e+06,2.74242e+06
ground,320,320,0.221866,5,0.000321771,987,18,0.000472503,-9.73906e-05,0,0.000482435,-0.000618135,2.83448e+06,-1.48774e+06,0,3.20119e+06,-1.34635e+07,1.48764e+07
ground,321,321,0.0083559,5,0.000492908,988,18,0.000582713,-0.000241384,0,0.00063073,-0.000156446,4.61924e+06,-880563,0,4.70243e+06,2.68238e+06,2.44477e+06
ground,322,322,0.260256,5,0.000227176,991,18,0.000383332,3.44581e-05,0,0.000384877,-0.000670432,2.46525e+06,677079,0,2.55654e+06,-1.72077e+07,1.78915e+07
ground,323,323,0.00451305,5,4.93396e-05,994,18,0.000175051,-6.82201e-05,0,0.000187874,-6.42471e-05,4.2089e+06,-1.41045e+06,0,4.43894e+06,-686462,5.06295e+06
ground,324,324,0.00425831,5,0.000489047,995,18,0.000630761,0.000144889,0,0.000647188,-0.000285014,4.69673e+06,580873,0,4.73251e+06,644433,3.84218e+06
ground,325,325,0.00400353,5,6.89991e-05,996,18,-0.000170456,-0.000767964,0,0.000786653,-0.00138454,-1.41583e+07,-2.11831e+07,0,2.54791e+07,-4.75703e+07,5.17357e+07
ground,326,326,0.00516976,5,0.00013655,998,18,0.000161597,0.000448366,0,0.000476598,-0.0014679,-5.37466e+06,1.15137e+07,0,1.27064e+07,-4.71885e+07,4.52161e+07
ground,327,327,0.17669,5,2.64555e-05,999,18,0.000177191,3.86459e-05,0,0.000181357,-0.000622566,2.0214e+06,1.07059e+06,0,2.2874e+06,-2.01572e+07,2.0437e+07
ground,328,328,0.0310353,5,0.0010408,1001,18,0.00107165,0.000562397,0,0.00121025,-0.00090216,2.2208e+06,3.71681e+06,0,4.32974e+06,-1.07845e+07,1.33604e+07
ground,329,329,0.0043731,5,0.000159597,1004,18,0.000183135,-0.000456007,0,0.000491407,-0.00146378,-5.24947e+06,-1.14712e+07,0,1.26153e+07,-4.65573e+07,4.46658e+07
ground,330,330,0.00432631,5,7.1217e-05,1006,18,-1.10855e-05,-0.000562415,0,0.000562524,-0.00119582,-8.02224e+06,-1.52719e+07,0,1.72507e+07,-4.0146e+07,4.21008e+07
ground,331,331,0.00476555,5,0.000119475,1010,18,0.000236799,9.90155e-05,0,0.000256667,-7.9289e-05,4.25133e+06,1.39222e+06,0,4.47349e+06,43779.9,4.64009e+06
ground,332,332,0.00450725,5,0.000704109,1014,18,0.000817337,0.000279823,0,0.00086391,-0.000313274,4.78898e+06,641645,0,4.83177e+06,2.40551e+06,2.50395e+06
ground,333,333,0.00458612,5,0.000317736,1015,18,0.000400202,0.000205464,0,0.000449863,-6.70759e-05,4.51319e+06,1.0327e+06,0,4.62984e+06,2.27731e+06,2.87001e+06
ground,334,334,0.00408203,5,0.000213442,1016,18,0.000251995,-0.000462806,0,0.000526964,-0.00204529,-7.26289e+06,-1.16532e+07,0,1.37312e+07,-6.4816e+07,5.91137e+07
ground,335,335,0.00611488,5,0.000303671,1020,18,0.000188227,0.000559433,0,0.00059025,-0.00068944,-3.4926e+06,1.03072e+07,0,1.08828e+07,-2.01863e+07,2.43291e+07
ground,336,336,0.142136,5,0.000250764,1023,18,0.000407942,2.58646e-05,0,0.000408762,-0.000733644,2.2702e+06,437515,0,2.31197e+06,-1.87783e+07,1.91776e+07
ground,337,337,0.00455062,5,0.000479432,1024,18,0.000594295,-0.000210594,0,0.000630505,-0.000205721,4.73582e+06,-699199,0,4.78716e+06,1.79461e+06,2.99529e+06
ground,338,338,0.00425876,5,0.000651345,1026,18,0.00076738,0.000258608,0,0.000809784,-0.00030371,4.75583e+06,673039,0,4.80322e+06,1.93966e+06,2.87372e+06
ground,339,339,0.00470584,5,7.73282e-05,1027,18,-0.000160765,0.000782291,0,0.00079864,-0.00145173,-1.43097e+07,2.14599e+07,0,2.57933e+07,-4.96861e+07,5.33462e+07
ground,340,340,0.00442512,5,7.49668e-05,1028,18,-0.000392348,-0.000805991,0,0.000896414,-0.000849483,-1.86172e+07,-2.18154e+07,0,2.86795e+07,-3.09643e+07,4.31084e+07
ground,341,341,0.00448512,5,0.000716965,1031,18,0.00088316,-9.30776e-05,0,0.000888051,-0.000447319,4.76905e+06,-277685,0,4.77713e+06,667995,3.76229e+06
ground,342,342,0.0782958,5,0.000274714,1033,18,0.000375457,-0.000225289,0,0.000437862,-0.000470053,2.43273e+06,-3.40056e+06,0,4.18115e+06,-1.03792e+07,1.29115e+07
ground,343,343,0.00421515,5,6.80049e-05,1039,18,-0.000309432,-0.000819316,0,0.000875801,-0.0011,-1.71885e+07,-2.24896e+07,0,2.83059e+07,-3.88571e+07,4.77069e+07
ground,344,344,0.00431509,5,0.000291512,1040,18,0.000390696,0.000179246,0,0.000429852,-0.000100279,4.452e+06,1.13756e+06,0,4.59503e+06,1.49777e+06,3.46349e+06
ground,345,345,0.00440895,5,0.000326187,1042,18,0.000441635,0.000165191,0,0.000471518,-0.000143509,4.60933e+06,882738,0,4.6931e+06,1.17176e+06,3.5685e+06
ground,346,346,0.00948439,5,0.000519217,1043,18,0.000484832,-0.000486271,0,0.000686674,-0.00050816,1.14071e+06,-5.16788e+06,0,5.29228e+06,-9.74109e+06,1.33889e+07
ground,347,347,0.011763,5,0.000314945,1047,18,0.000464464,5.32306e-05,0,0.000467504,-0.000129641,4.81464e+06,569752,0,4.84823e+06,2.14859e+06,2.77362e+06
ground,348,348,0.184082,5,0.000225743,1048,18,0.000358653,0.000144564,0,0.000386692,-0.000513993,2.65663e+06,2.56214e+06,0,3.69083e+06,-1.22984e+07,1.41579e+07
ground,349,349,0.0260645,5,0.00117706,1049,18,0.00115762,-0.000697032,0,0.00135127,-0.00102947,1.19697e+06,-5.07688e+06,0,5.21608e+06,-1.32998e+07,1.59562e+07
ground,350,350,0.00805028,5,1.33135e-06,1050,18,0.000117882,0.000172942,0,0.000209297,-0.00070227,412995,5.04661e+06,0,5.06348e+06,-2.35756e+07,2.41355e+07
ground,351,351,0.0311499,5,0.000616069,1051,18,0.000689869,-0.000403808,0,0.000799362,-0.000998762,622875,-5.21348e+06,0,5.25056e+06,-2.11869e+07,2.20276e+07
ground,352,352,0.0270146,5,2.29982e-05,1056,18,0.000157092,-0.000131528,0,0.000204884,-0.000932262,-17321.5,-3.71104e+06,0,3.71108e+06,-3.0815e+07,2.96897e+07
ground,353,353,0.0219034,5,0.00102036,1057,18,0.00107083,0.000542291,0,0.00120032,-0.00107992,1.30672e+06,4.64592e+06,0,4.82619e+06,-1.63573e+07,1.80782e+07
ground,354,354,0.00454634,5,8.61226e-05,1058,18,-0.000372922,0.000724493,0,0.000814838,-0.000631429,-1.68442e+07,1.91023e+07,0,2.54681e+07,-2.36157e+07,3.65805e+07
ground,355,355,0.0680681,5,0.000611968,1061,18,0.000726958,-0.00029761,0,0.000785519,-0.000886889,1.76019e+06,-3.62055e+06,0,4.02575e+06,-1.69507e+07,1.82062e+07
ground,356,356,0.00424184,5,0.000243477,1064,18,0.000362413,-0.000136705,0,0.000387339,-0.00224355,-5.60963e+06,-3.39144e+06,0,6.55514e+06,-7.00932e+07,6.16902e+07
ground,357,357,0.243507,5,0.000277763,1065,18,0.000434945,-4.03848e-05,0,0.000436816,-0.000699712,2.48009e+06,-739873,0,2.5881e+06,-1.70606e+07,1.7765e+07
ground,358,358,0.00446017,5,0.000232012,1066,18,0.000262196,-0.00048879,0,0.000554673,-0.00211712,-7.7102e+06,-1.21804e+07,0,1.44156e+07,-6.68804e+07,6.08997e+07
ground,359,359,0.00660743,5,1.87721e-05,1067,18,4.78805e-05,-0.00029438,0,0.000298248,-0.000533812,-1.54755e+06,-8.27804e+06,0,8.42145e+06,-1.7968e+07,2.14516e+07
ground,360,360,0.0140657,5,8.6721e-05,1068,18,0.000106999,-0.000266119,0,0.000286825,-0.000305049,110735,-6.12818e+06,0,6.12918e+06,-9.24862e+06,1.37837e+07
ground,361,361,0.0042451,5,0.000129385,1072,18,-0.000140025,-0.000837595,0,0.000849218,-0.00148919,-1.47734e+07,-2.20821e+07,0,2.65683e+07,-5.02542e+07,5.40972e+07
ground,362,362,0.0048486,5,0.000176218,1083,18,0.000200113,0.000489081,0,0.000528437,-0.00205063,-7.97033e+06,1.26302e+07,0,1.49348e+07,-6.59955e+07,6.04538e+07
ground,363,363,0.262042,5,0.000153119,1085,18,0.000305042,5.32118e-05,0,0.000309648,-0.000558566,2.68463e+06,1.13128e+06,0,2.91325e+06,-1.51442e+07,1.62347e+07
ground,364,364,0.00457177,5,4.55926e-05,1086,18,-0.000387901,0.000770738,0,0.000862847,-0.000845933,-1.8126e+07,2.14821e+07,0,2.81075e+07,-3.08955e+07,4.27126e+07
ground,365,365,0.010749,5,0.000358831,1095,18,0.000506894,9.97941e-05,0,0.000516624,-0.00019654,4.72063e+06,432592,0,4.74041e+06,545080,3.74134e+06
ground,366,366,0.0199905,5,0.000636337,1101,18,0.000719109,-0.000391829,0,0.000818931,-0.00106606,547811,-5.09524e+06,0,5.12461e+06,-2.27456e+07,2.31769e+07
ground,367,367,0.00481075,5,0.000201724,1103,18,0.000214529,-0.000492122,0,0.000536849,-0.00155975,-5.71535e+06,-1.20016e+07,0,1.3293e+07,-4.89548e+07,4.66921e+07
ground,368,368,0.0230036,5,0.000607242,1104,18,0.000734541,-0.000261538,0,0.000779713,-0.000980193,1.5548e+06,-3.40469e+06,0,3.7429e+06,-1.97402e+07,2.03255e+07
ground,369,369,0.0700004,5,0.000565905,1105,18,0.000707178,-0.0002001,0,0.000734943,-0.000855623,2.28262e+06,-2.32377e+06,0,3.25734e+06,-1.63592e+07,1.73822e+07
ground,370,370,0.00461101,5,6.63812e-05,1107,18,0.000192529,-7.16735e-05,0,0.000205437,-6.39798e-05,4.28802e+06,-1.30386e+06,0,4.48187e+06,-403251,4.85842e+06
ground,371,371,0.00379222,5,0.000168963,1109,18,7.92388e-05,0.000678216,0,0.000682829,-0.00179521,-1.03424e+07,1.75209e+07,0,2.03457e+07,-5.84137e+07,5.67506e+07
ground,372,372,0.00462779,5,0.000179541,1114,18,0.000305133,-0.000104189,0,0.000322431,-0.000129902,4.34201e+06,-1.20897e+06,0,4.50718e+06,-389455,4.79522e+06
ground,373,373,0.0932791,5,0.000113657,1115,18,0.000209885,-0.000234548,0,0.000314745,-0.000701486,388361,-5.58593e+06,0,5.59941e+06,-2.1244e+07,2.23878e+07
ground,374,374,0.15917,5,0.000124558,1117,18,0.000134689,-0.000299708,0,0.000328582,-0.000356568,-129152,-6.45467e+06,0,6.45596e+06,-1.04423e+07,1.48402e+07
ground,375,375,0.00365715,5,0.000214629,1119,18,0.000307067,-0.000159089,0,0.000345831,-6.76396e-05,4.19899e+06,-1.43945e+06,0,4.43886e+06,1.33792e+06,3.80831e+06
ground,376,376,0.120566,5,0.000314991,1121,18,0.000379149,0.00033361,0,0.000505024,-0.000708418,573432,5.68282e+06,0,5.71168e+06,-1.79174e+07,1.97789e+07
ground,377,377,0.00470386,5,0.000234125,1122,18,0.000347226,-0.000179309,0,0.000390791,-0.00223995,-5.80612e+06,-4.46487e+06,0,7.32435e+06,-7.02535e+07,6.19451e+07
ground,378,378,0.00554639,5,0.00105523,1123,18,0.00118343,-0.000365511,0,0.00123859,-0.00043072,4.9394e+06,-266471,0,4.94659e+06,3.95863e+06,1.03365e+06
ground,379,379,0.00426911,5,0.000893908,1126,18,0.00106919,-9.53288e-06,0,0.00106923,-0.000597657,4.69535e+06,164977,0,4.69825e+06,-98272.5,4.33588e+06
ground,380,380,0.00504594,5,1.8947e-05,1127,18,-0.000162946,0.000608698,0,0.000630131,-0.000979,-1.089e+07,1.74228e+07,0,2.05462e+07,-3.42841e+07,3.99751e+07
ground,381,381,0.0044916,5,0.000507228,1129,18,0.000652171,-0.000116674,0,0.000662525,-0.000354994,4.35094e+06,-702018,0,4.40721e+06,-802816,4.70908e+06
ground,382,382,0.130097,5,0.000193903,1131,18,0.000331171,-0.000136188,0,0.00035808,-0.000616808,2.17229e+06,-2.66967e+06,0,3.4418e+06,-1.63989e+07,1.75317e+07
ground,383,383,0.119469,5,0.000481063,1133,18,0.000623372,0.000178211,0,0.000648345,-0.000817746,2.20443e+06,2.39634e+06,0,3.25606e+06,-1.68497e+07,1.77966e+07
ground,384,384,0.00463532,5,9.57028e-05,1134,18,1.73175e-06,-0.000588526,0,0.000588528,-0.00123224,-8.28436e+06,-1.56146e+07,0,1.76762e+07,-4.09795e+07,4.28748e+07
ground,385,385,0.003555,5,0.000232391,1135,18,0.000356493,0.000121368,0,0.000376586,-0.000132996,4.47156e+06,1.05093e+06,0,4.5934e+06,325041,4.24341e+06
ground,386,386,0.00437906,5,0.000105148,1139,18,-0.000306913,-0.000878201,0,0.000930286,-0.00116776,-1.79555e+07,-2.34002e+07,0,2.94952e+07,-4.08678e+07,4.96855e+07
ground,387,387,0.00516079,5,0.000781498,1141,18,0.000957651,-1.74708e-05,0,0.000957811,-0.000476691,4.84009e+06,-15084.4,0,4.84011e+06,1.12323e+06,3.40404e+06
ground,388,388,0.00445344,5,0.000234764,1147,18,0.000344975,-0.000249765,0,0.0004259,-0.00169985,-3.37819e+06,-5.95087e+06,0,6.84289e+06,-5.199e+07,4.7173e+07
ground,389,389,0.00425935,5,0.000950675,1149,18,0.00111476,0.000192896,0,0.00113133,-0.000531263,4.87321e+06,384172,0,4.88833e+06,1.9945e+06,2.75089e+06
ground,390,390,0.00444042,5,0.000184302,1151,18,0.000321671,-7.88284e-05,0,0.000331189,-0.000167076,4.39815e+06,-903168,0,4.48992e+06,-1.30847e+06,5.28803e+06
ground,391,391,0.00426465,5,0.000527456,1156,18,0.000690752,-1.64246e-05,0,0.000690947,-0.000392922,4.55532e+06,-200235,0,4.55972e+06,-1.22987e+06,5.09225e+06
ground,392,392,0.00556622,5,0.000709596,1157,18,0.000863771,-0.000156868,0,0.000877899,-0.000433523,4.72217e+06,-362455,0,4.73606e+06,394200,3.897e+06
ground,393,393,0.00449148,5,0.000807463,1159,18,0.000942554,-0.000224335,0,0.000968883,-0.000528443,4.44971e+06,-987522,0,4.55797e+06,-407443,4.74439e+06
ground,394,394,0.00616844,5,0.000418912,1161,18,0.000521965,-0.000207753,0,0.000561791,-0.000106792,4.74137e+06,-704950,0,4.79349e+06,3.00367e+06,2.09684e+06
ground,395,395,0.00435149,5,1.80154e-06,1164,18,-0.000194643,-0.000601797,0,0.000632491,-0.000919827,-1.13861e+07,-1.75679e+07,0,2.0935e+07,-3.26087e+07,3.91361e+07
ground,396,396,0.0046515,5,2.44432e-05,1165,18,-0.000310774,0.00077567,0,0.000835611,-0.00111964,-1.66999e+07,2.21705e+07,0,2.77564e+07,-3.98531e+07,4.80451e+07
ground,397,397,0.00500675,5,2.0659e-05,1166,18,-0.000394749,0.00067273,0,0.000779995,-0.000640269,-1.69772e+07,1.91796e+07,0,2.56141e+07,-2.40155e+07,3.69921e+07
ground,398,398,0.00506608,5,0.000585578,1169,18,0.000722595,0.000192008,0,0.00074767,-0.00034813,4.61747e+06,612568,0,4.65792e+06,-2332.28,4.17106e+06
ground,399,399,0.00475544,5,0.000856067,1170,18,0.00103522,1.39386e-06,0,0.00103522,-0.000521458,4.85427e+06,-59014,0,4.85463e+06,1.26239e+06,3.31511e+06
ground,400,400,0.00431599,5,0.000205138,1172,18,0.000322996,0.000121593,0,0.000345125,-6.89935e-05,4.54259e+06,1.00873e+06,0,4.65324e+06,1.47297e+06,3.47875e+06
ground,401,401,0.00371553,5,0.000884789,1174,18,0.00105677,0.000111683,0,0.00106266,-0.000546066,4.79758e+06,272675,0,4.80532e+06,927309,3.56813e+06
ground,402,402,0.00925626,5,0.000661674,1175,18,0.00069824,-0.000469898,0,0.000841631,-0.000843505,1.01916e+06,-5.14601e+06,0,5.24596e+06,-1.619e+07,1.81525e+07
ground,403,403,0.0308273,5,0.00090324,1183,18,0.000990043,-0.00042766,0,0.00107846,-0.00095348,2.12453e+06,-3.45057e+06,0,4.05217e+06,-1.39017e+07,1.57237e+07
ground,404,404,0.0249889,5,0.000986011,1185,18,0.000979856,0.00062268,0,0.00116097,-0.000932323,1.17085e+06,5.09673e+06,0,5.22949e+06,-1.365e+07,1.62252e+07
ground,405,405,0.0054189,5,0.000550612,1187,18,0.000700149,0.000120569,0,0.000710455,-0.000380638,4.56016e+06,616087,0,4.60159e+06,-602384,4.74954e+06
ground,406,406,0.00476868,5,2.2099e-05,1191,18,-0.000388151,0.000754452,0,0.000848445,-0.000872508,-1.79852e+07,2.15579e+07,0,2.80751e+07,-3.18632e+07,4.32975e+07
ground,407,407,0.0049226,5,7.02007e-05,1193,18,-2.47674e-05,0.000587943,0,0.000588464,-0.00125959,-8.78389e+06,1.60457e+07,0,1.82926e+07,-4.24004e+07,4.42508e+07
ground,408,408,0.00673918,5,0.00103792,1194,18,0.000960846,-0.000744704,0,0.00121565,-0.000965995,647639,-5.73785e+06,0,5.77428e+06,-1.5535e+07,1.78643e+07
ground,409,409,0.00452123,5,9.29485e-05,1196,18,-0.000394531,-0.00084332,0,0.000931044,-0.000899177,-1.91289e+07,-2.249e+07,0,2.95248e+07,-3.25771e+07,4.46191e+07
ground,410,410,0.00448275,5,5.3927e-05,1199,18,-0.000391664,-0.000716302,0,0.000816388,-0.000668417,-1.73201e+07,-1.96469e+07,0,2.61914e+07,-2.49507e+07,3.78934e+07
ground,411,411,0.00973121,5,0.000162577,1201,18,0.000181922,-0.000333871,0,0.000380218,-0.00050269,-469514,-7.05299e+06,0,7.0686e+06,-1.45985e+07,1.81507e+07
ground,412,412,0.00433669,5,0.000472996,1203,18,0.00062026,0.000101862,0,0.000628568,-0.000347763,4.49988e+06,705028,0,4.55478e+06,-945382,5.04223e+06
ground,413,413,0.00488189,5,9.83111e-05,1206,18,1.30371e-05,0.00058228,0,0.000582426,-0.00125547,-8.09505e+06,1.54137e+07,0,1.74102e+07,-4.1659e+07,4.32242e+07
ground,414,414,0.0308982,5,0.000164434,1207,18,0.000234785,0.00024499,0,0.000339329,-0.000399409,1.55181e+06,4.69099e+06,0,4.941e+06,-1.06077e+07,1.37264e+07
ground,415,415,0.0908921,5,1.45446e-05,1208,18,0.000166026,2.54799e-05,0,0.00016797,-0.000667453,1.79887e+06,724770,0,1.93939e+06,-2.19429e+07,2.19179e+07
ground,416,416,0.00457438,5,0.000457955,1215,18,0.000616035,4.37017e-05,0,0.000617584,-0.000321054,4.65734e+06,273422,0,4.66536e+06,-335289,4.53616e+06
ground,417,417,0.142336,5,3.7692e-05,1218,18,0.000153479,0.000185881,0,0.000241055,-0.000789893,166405,5.09906e+06,0,5.10178e+06,-2.57006e+07,2.58398e+07
ground,418,418,0.00530928,5,0.000165735,1219,18,0.000268573,0.000264816,0,0.000377172,-0.00164067,-3.65916e+06,6.66585e+06,0,7.60414e+06,-5.17061e+07,4.72058e+07
ground,419,419,0.101057,5,5.69613e-05,1222,18,0.000192735,0.000107618,0,0.000220745,-0.00048955,2.30277e+06,2.73006e+06,0,3.57155e+06,-1.50497e+07,1.64565e+07
ground,420,420,0.0880037,5,0.000450456,1225,18,0.000510589,-0.000380445,0,0.000636741,-0.000811095,570928,-5.62307e+06,0,5.65198e+06,-1.86494e+07,2.02881e+07
ground,421,421,0.222037,5,0.000222809,1226,18,0.000370431,-9.01571e-05,0,0.000381245,-0.000542686,2.8261e+06,-1.7143e+06,0,3.3054e+06,-1.31165e+07,1.46333e+07
ground,422,422,0.00607633,5,3.97521e-05,1230,18,-3.31285e-05,-0.000461724,0,0.00046291,-0.000765543,-5.86088e+06,-1.27336e+07,0,1.40176e+07,-2.61145e+07,3.05039e+07
ground,423,423,0.0439612,5,0.000869934,1231,18,0.000957989,0.000420566,0,0.00104624,-0.00100272,1.63015e+06,4.10746e+06,0,4.41912e+06,-1.59184e+07,1.75104e+07
ground,424,424,0.00680873,5,0.000796128,1234,18,0.000702369,0.000677258,0,0.000975705,-0.00075569,164990,6.34752e+06,0,6.34966e+06,-1.36868e+07,1.69383e+07
ground,425,425,0.00488062,5,0.000206194,1235,18,0.000312736,-0.00025928,0,0.000406239,-0.00165492,-3.40346e+06,-6.29616e+06,0,7.15717e+06,-5.11849e+07,4.66298e+07
ground,426,426,0.00436826,5,0.000448149,1240,18,0.000573365,0.000174707,0,0.000599391,-0.000299457,4.39078e+06,1.07808e+06,0,4.5212e+06,-615469,4.87293e+06
ground,427,427,0.138984,5,7.70799e-05,1244,18,0.000200076,-0.000133993,0,0.0002408,-0.00039657,2.45697e+06,-3.18046e+06,0,4.01895e+06,-1.15719e+07,1.37725e+07
ground,428,428,0.0797131,5,0.000664478,1245,18,0.000662068,0.000520273,0,0.000842032,-0.000750113,801863,5.58504e+06,0,5.64231e+06,-1.38484e+07,1.6641e+07
ground,429,429,0.00460345,5,0.000228883,1247,18,0.000345874,0.000149875,0,0.00037695,-0.00223055,-5.68414e+06,3.77205e+06,0,6.82187e+06,-7.00318e+07,6.1701e+07
ground,430,430,0.00455972,5,1.33894e-05,1249,18,0.000133033,6.82555e-05,0,0.000149521,-3.95304e-05,3.94403e+06,1.79281e+06,0,4.33238e+06,-641653,5.18369e+06
ground,431,431,0.00496623,5,0.000174161,1250,18,0.000288435,0.000223885,0,0.000365129,-0.00161133,-3.14272e+06,5.58348e+06,0,6.40718e+06,-5.04128e+07,4.59083e+07
ground,432,432,0.00686249,5,0.000296528,1253,18,0.000244907,0.000456919,0,0.000518415,-0.000539882,-1.21842e+06,7.79489e+06,0,7.88954e+06,-1.46063e+07,1.86534e+07
ground,433,433,0.00981951,5,0.000809547,1259,18,0.000704724,0.000708976,0,0.000999641,-0.000841527,-588101,7.23952e+06,0,7.26337e+06,-1.61126e+07,1.91829e+07
ground,434,434,0.0914538,5,0.000210156,1263,18,0.000344315,0.000152213,0,0.000376459,-0.000649473,1.99534e+06,2.93324e+06,0,3.54758e+06,-1.71891e+07,1.82403e+07
ground,435,435,0.00513341,5,0.000456855,1264,18,0.000616022,4.33254e-05,0,0.000617544,-0.00029032,4.756e+06,174886,0,4.75922e+06,431931,3.96979e+06
ground,436,436,0.0186151,5,0.000996264,1265,18,0.00104927,-0.000525404,0,0.00117346,-0.00103357,1.43163e+06,-4.56921e+06,0,4.78824e+06,-1.52039e+07,1.7145e+07
ground,437,437,0.00445448,5,0.000171181,1266,18,0.000299645,9.68379e-05,0,0.000314904,-0.000144988,4.30496e+06,1.20281e+06,0,4.46983e+06,-954180,5.1513e+06
ground,438,438,0.00521779,5,0.000507469,1269,18,0.0006499,-0.000142933,0,0.000665432,-0.000343147,4.14899e+06,-900133,0,4.24551e+06,-1.23906e+06,4.92641e+06
ground,439,439,0.0308119,5,0.000342047,1272,18,0.000307836,0.000451778,0,0.000546686,-0.000551706,-415850,6.97876e+06,0,6.99114e+06,-1.41131e+07,1.77414e+07
ground,440,440,0.00449085,5,0.000150356,1275,18,0.000267319,0.00011159,0,0.000289675,-0.000103387,4.2407e+06,1.38309e+06,0,4.46055e+06,-268219,4.78642e+06
ground,441,441,0.0856638,5,0.000329518,1277,18,0.000485516,-6.37587e-05,0,0.000489684,-0.000809111,2.11363e+06,-1.14544e+06,0,2.40405e+06,-1.95316e+07,1.98048e+07
ground,442,442,0.00457523,5,8.66804e-05,1279,18,-0.000151642,-0.000690487,0,0.000706942,-0.00102012,-1.18918e+07,-1.84125e+07,0,2.19188e+07,-3.50073e+07,4.11884e+07
ground,443,443,0.0701732,5,0.000270219,1280,18,0.000421728,-8.30957e-05,0,0.000429837,-0.000767684,2.04471e+06,-1.64824e+06,0,2.62631e+06,-1.94906e+07,1.98323e+07
ground,444,444,0.00513263,5,0.000176278,1284,18,0.000312437,-7.94721e-05,0,0.000322386,-7.46887e-05,4.64174e+06,-816203,0,4.71295e+06,1.14187e+06,3.61197e+06
ground,445,445,0.00733815,5,0.000550313,1289,18,0.000713828,2.63459e-05,0,0.000714314,-0.000372262,4.70141e+06,109574,0,4.70268e+06,-75761,4.31202e+06
ground,446,446,0.00511927,5,0.000786943,1291,18,0.000926579,-0.000248853,0,0.000959414,-0.000314434,4.9312e+06,-347491,0,4.94343e+06,3.69728e+06,1.32953e+06
ground,447,447,0.00521732,5,6.76649e-05,1295,18,0.000201397,-5.37353e-05,0,0.000208442,-4.40792e-05,4.52764e+06,-941000,0,4.62439e+06,345277,4.3046e+06
ground,448,448,0.00579197,5,0.000168566,1296,18,0.000301468,8.33077e-05,0,0.000312767,-5.54365e-05,4.63931e+06,851948,0,4.71688e+06,1.48068e+06,3.40241e+06
ground,449,449,0.136229,5,4.28082e-05,1298,18,0.00015288,0.000187192,0,0.000241689,-0.000648978,714178,5.02546e+06,0,5.07595e+06,-2.08312e+07,2.18824e+07
ground,450,450,0.00414326,5,0.000163429,1305,18,0.000195664,0.00044006,0,0.000481598,-0.00146368,-4.96406e+06,1.10289e+07,0,1.20946e+07,-4.6392e+07,4.43414e+07
ground,451,451,0.0199994,5,0.000757933,1307,18,0.000732679,0.000583594,0,0.000936697,-0.000815165,809576,5.54425e+06,0,5.60304e+06,-1.48338e+07,1.72992e+07
ground,452,452,0.231182,5,0.000232684,1308,18,0.000390045,1.06728e-05,0,0.000390191,-0.000686719,2.43142e+06,282988,0,2.44783e+06,-1.7622e+07,1.82209e+07
ground,453,453,0.00546556,5,0.00028272,1310,18,0.000138145,0.000548183,0,0.000565322,-0.000554328,-3.80504e+06,1.01506e+07,0,1.08404e+07,-1.64271e+07,2.18556e+07
ground,454,454,0.025395,5,0.000885221,1319,18,0.00099235,-0.00038314,0,0.00106375,-0.00109989,1.57057e+06,-3.72756e+06,0,4.04492e+06,-1.84246e+07,1.93669e+07
ground,455,455,0.00633372,5,0.000529405,1326,18,0.00039983,-0.000653132,0,0.000765798,-0.000770776,-2.32227e+06,-9.16688e+06,0,9.45646e+06,-1.93465e+07,2.28093e+07
ground,456,456,0.220335,5,5.56125e-05,1327,18,0.000207071,3.59668e-05,0,0.000210171,-0.000561602,2.40976e+06,914579,0,2.57748e+06,-1.74367e+07,1.81406e+07
ground,457,457,0.185839,5,5.64732e-05,1328,18,0.000204178,6.97589e-05,0,0.000215766,-0.000653038,1.85672e+06,1.84985e+06,0,2.62094e+06,-2.05346e+07,2.08228e+07
ground,458,458,0.00569373,5,0.000794892,1330,18,0.000969814,7.99234e-05,0,0.000973101,-0.000467907,4.86136e+06,105849,0,4.86252e+06,1.37017e+06,3.16999e+06
ground,459,459,0.259979,5,0.000211963,1331,18,0.000368701,1.37088e-05,0,0.000368955,-0.000666896,2.45779e+06,294116,0,2.47533e+06,-1.74235e+07,1.80547e+07
ground,460,460,0.0256553,5,0.000216275,1333,18,0.0003651,-9.1076e-05,0,0.000376288,-0.000863526,1.40134e+06,-1.95966e+06,0,2.40915e+06,-2.39285e+07,2.35517e+07
ground,461,461,0.00725421,5,0.000317012,1334,18,0.000301419,0.000438486,0,0.000532093,-0.000618593,-816688,7.47596e+06,0,7.52043e+06,-1.62721e+07,1.9622e+07
ground,462,462,0.0210529,5,0.000993281,1336,18,0.00104634,-0.000515021,0,0.00116622,-0.000933059,2.16441e+06,-3.64049e+06,0,4.23531e+06,-1.22563e+07,1.44879e+07
ground,463,463,0.0148036,5,0.000588319,1337,18,0.000670091,-0.000380848,0,0.000770758,-0.00101181,628710,-5.06433e+06,0,5.10321e+06,-2.20044e+07,2.2596e+07
ground,464,464,0.00539465,5,5.02567e-05,1342,18,0.000188764,-3.828e-05,0,0.000192606,-6.59436e-05,4.50753e+06,-793078,0,4.57677e+06,-608374,4.85264e+06
ground,465,465,0.0937916,5,0.000143775,1343,18,0.00024859,0.000182239,0,0.000308233,-0.000391157,2.28834e+06,3.65995e+06,0,4.31645e+06,-1.02314e+07,1.29096e+07
ground,466,466,0.0316054,5,0.000201876,1346,18,0.000267527,0.000260452,0,0.000373371,-0.000405221,1.73478e+06,4.4616e+06,0,4.787e+06,-1.02715e+07,1.33439e+07
ground,467,467,0.0063688,5,0.000348859,1350,18,0.000457721,-0.000259844,0,0.000526334,-0.000930431,803656,-4.2202e+06,0,4.29604e+06,-2.38815e+07,2.3839e+07
ground,468,468,0.0203707,5,0.000614456,1354,18,0.000746583,-0.000248979,0,0.000787005,-0.000987121,1.68222e+06,-2.97756e+06,0,3.4199e+06,-1.98447e+07,2.03348e+07
ground,469,469,0.19291,5,0.000220459,1358,18,0.000377328,-7.89991e-06,0,0.000377411,-0.000689324,2.38902e+06,-157468,0,2.3942e+06,-1.79646e+07,1.84956e+07
ground,470,470,0.0194925,5,6.9289e-05,1361,18,0.000206653,-0.000124222,0,0.000241115,-0.000956607,181162,-3.25765e+06,0,3.26268e+06,-3.05221e+07,2.92988e+07
ground,471,471,0.0057213,5,0.000472692,1365,18,0.000616302,-0.000122305,0,0.000628321,-0.000317286,4.51431e+06,-866881,0,4.59679e+06,-236744,4.56574e+06
ground,472,472,0.00511192,5,0.000221253,1366,18,0.000360381,-1.24246e-05,0,0.000360595,-0.00174743,-2.82349e+06,-289559,0,2.8383e+06,-5.36379e+07,4.79623e+07
ground,473,473,0.00471339,5,3.00299e-05,1367,18,-0.000268015,-0.000646338,0,0.000699704,-0.000765685,-1.3477e+07,-1.82175e+07,0,2.26606e+07,-2.75449e+07,3.70093e+07
ground,474,474,0.0733874,5,0.000203303,1368,18,0.000316367,-0.000190169,0,0.000369123,-0.000489611,2.24277e+06,-3.49489e+06,0,4.15262e+06,-1.22436e+07,1.4425e+07
ground,475,475,0.00368694,5,0.000158321,1369,18,0.000290315,8.38718e-05,0,0.000302188,-0.000144738,4.38083e+06,1.00209e+06,0,4.49398e+06,-1.11292e+06,5.20326e+06
ground,476,476,0.0139838,5,5.41327e-05,1372,18,0.000192188,3.93199e-05,0,0.000196169,-5.94406e-05,4.55525e+06,737681,0,4.61459e+06,-313557,4.64966e+06
ground,477,477,0.00483212,5,0.000309884,1375,18,0.000452262,-9.10477e-05,0,0.000461335,-0.000306294,4.18928e+06,-968394,0,4.29975e+06,-3.08209e+06,6.53038e+06
ground,478,478,0.0144813,5,0.00050209,1381,18,0.000555831,-0.000411677,0,0.000691683,-0.000916181,239385,-5.92275e+06,0,5.92759e+06,-2.10944e+07,2.22062e+07
ground,479,479,0.227248,5,2.90719e-05,1384,18,0.000180563,3.67891e-05,0,0.000184273,-0.000692797,1.69361e+06,1.01995e+06,0,1.97703e+06,-2.25192e+07,2.24122e+07
ground,480,480,0.0239502,5,0.000202305,1387,18,0.000294051,0.000244039,0,0.000382127,-0.000562013,1.40883e+06,4.62228e+06,0,4.83221e+06,-1.50329e+07,1.70965e+07
ground,481,481,0.0345645,5,0.000308984,1388,18,0.000436718,0.000196973,0,0.000479084,-0.000765248,1.64307e+06,3.35923e+06,0,3.73953e+06,-1.9017e+07,1.98119e+07
ground,482,482,0.00456043,5,0.000691125,1390,18,0.000856267,-5.21869e-05,0,0.000857856,-0.000488541,4.61591e+06,-200340,0,4.62026e+06,-744256,4.80631e+06
ground,483,483,0.0245663,5,0.000251321,1392,18,0.000405066,-5.90789e-05,0,0.000409352,-0.000901764,1.45994e+06,-1.05365e+06,0,1.80044e+06,-2.43995e+07,2.38452e+07
ground,484,484,0.0990107,5,0.000376086,1393,18,0.000502794,0.00020108,0,0.000541511,-0.000642093,2.3946e+06,2.91182e+06,0,3.76999e+06,-1.35311e+07,1.52571e+07
ground,485,485,0.00527225,5,0.000518753,1397,18,0.000641943,0.000191597,0,0.000669925,-0.000336887,4.39844e+06,1.1135e+06,0,4.5372e+06,-299993,4.71635e+06
ground,486,486,0.00591974,5,9.95909e-05,1398,18,0.000224131,-8.55258e-05,0,0.000239894,-0.000102911,4.20328e+06,-1.38847e+06,0,4.42667e+06,-1.00414e+06,5.24672e+06
ground,487,487,0.166657,5,3.39681e-05,1402,18,0.000182553,6.08841e-05,0,0.000192438,-0.000648341,1.83652e+06,1.67174e+06,0,2.48345e+06,-2.08969e+07,2.11144e+07
ground,488,488,0.00485231,5,0.000675986,1404,18,0.000831256,-0.000120699,0,0.000839973,-0.000461783,4.60706e+06,-500924,0,4.63422e+06,-435504,4.64206e+06
ground,489,489,0.260051,5,0.000281238,1410,18,0.000439807,-6.95002e-06,0,0.000439862,-0.000700646,2.52013e+06,-153913,0,2.52483e+06,-1.69905e+07,1.7678e+07
ground,490,490,0.00533486,5,2.30715e-05,1411,18,0.000159403,-4.25757e-05,0,0.000164991,-8.62162e-05,4.28591e+06,-1.06316e+06,0,4.41581e+06,-1.85393e+06,5.69745e+06
ground,491,491,0.00677127,5,0.000688466,1415,18,0.000821253,-0.000205876,0,0.000846665,-0.000464464,4.4151e+06,-988800,0,4.52448e+06,-793922,4.97834e+06
ground,492,492,0.0042709,5,5.08694e-06,1419,18,0.000130119,5.29683e-05,0,0.000140487,-1.81776e-05,4.19119e+06,1.47731e+06,0,4.44393e+06,20594.5,4.68898e+06
ground,493,493,0.129052,5,0.000259014,1421,18,0.000416617,1.32009e-06,0,0.000416619,-0.000794785,2.03227e+06,20738.4,0,2.03238e+06,-2.06153e+07,2.06771e+07
ground,494,494,0.0739451,5,0.000524227,1426,18,0.000672802,-0.000161136,0,0.000691829,-0.000899776,2.07001e+06,-2.14189e+06,0,2.97869e+06,-1.85101e+07,1.90857e+07
ground,495,495,0.00573525,5,0.000585879,1427,18,0.00074965,9.19193e-07,0,0.00074965,-0.000424815,4.60809e+06,22927.1,0,4.60814e+06,-873816,4.88081e+06
ground,496,496,0.00448774,5,0.000592222,1429,18,0.00073779,0.000142107,0,0.000751351,-0.000414599,4.54725e+06,561708,0,4.58182e+06,-846433,4.92678e+06
ground,497,497,0.0377072,5,0.000907404,1430,18,0.00100015,-0.000414622,0,0.00108269,-0.000990624,1.90724e+06,-3.75904e+06,0,4.21521e+06,-1.46959e+07,1.64318e+07
ground,498,498,0.00423347,5,0.000666365,1433,18,0.000820987,0.000124806,0,0.00083042,-0.000472277,4.51943e+06,583079,0,4.55688e+06,-1.04103e+06,5.02749e+06
ground,499,499,0.0220197,5,0.000326888,1438,18,0.00047222,-0.000131453,0,0.000490175,-0.0008382,1.74616e+06,-2.37696e+06,0,2.94941e+06,-2.06691e+07,2.08906e+07
ground,500,500,0.0066478,5,0.000125064,1444,18,0.000118586,0.000360516,0,0.000379518,-0.000533372,-1.49074e+06,8.1755e+06,0,8.31031e+06,-1.65799e+07,2.03386e+07
ground,501,501,0.00402448,5,0.000814565,1445,18,0.000983479,6.80141e-05,0,0.000985828,-0.000571208,4.59823e+06,229695,0,4.60396e+06,-864653,4.87195e+06
ground,502,502,0.00556581,5,4.38523e-05,1447,18,-9.45651e-05,-0.000503438,0,0.000512243,-0.000684028,-7.49732e+06,-1.37845e+07,0,1.56915e+07,-2.36884e+07,2.9929e+07
ground,503,503,0.0906424,5,6.48217e-05,1448,18,0.000178245,-0.000194789,0,0.000264034,-0.000772212,311826,-5.09266e+06,0,5.10219e+06,-2.45245e+07,2.48586e+07
ground,504,504,0.187267,5,8.73835e-05,1454,18,0.000230685,8.34152e-05,0,0.000245304,-0.000478714,2.65868e+06,1.97489e+06,0,3.31191e+06,-1.39688e+07,1.53937e+07
ground,505,505,0.0056837,5,0.000902437,1456,18,0.00107824,-8.29597e-06,0,0.00107827,-0.000410679,4.97786e+06,243167,0,4.98379e+06,3.61794e+06,1.33846e+06
ground,506,506,0.00434767,5,1.53983e-05,1458,18,0.000152637,3.63361e-05,0,0.000156902,-5.88868e-05,4.40342e+06,941189,0,4.50288e+06,-1.12276e+06,5.19603e+06
ground,507,507,0.0265305,5,0.000206236,1461,18,0.000214403,-0.000329181,0,0.000392847,-0.00038113,388595,-5.94351e+06,0,5.9562e+06,-1.00142e+07,1.41428e+07
ground,508,508,0.0281665,5,0.00015273,1462,18,0.000210524,0.00024289,0,0.000321428,-0.000316419,1.69185e+06,4.52054e+06,0,4.82676e+06,-8.27569e+06,1.19136e+07
ground,509,509,0.00831943,5,0.000304379,1463,18,0.000318807,0.00040182,0,0.00051293,-0.000652864,-187973,6.75841e+06,0,6.76102e+06,-1.73633e+07,1.99562e+07
ground,510,510,0.0264034,5,0.000989841,1464,18,0.000957265,0.000632313,0,0.00114725,-0.000742467,2.02975e+06,4.12321e+06,0,4.59573e+06,-8.0903e+06,1.15295e+07
ground,511,511,0.00851168,5,0.00105546,1467,18,0.000926251,-0.00078673,0,0.00121527,-0.000778015,1.2082e+06,-5.11021e+06,0,5.25109e+06,-1.05888e+07,1.38936e+07
ground,512,512,0.00432781,5,5.74192e-05,1472,18,0.000190287,-5.5218e-05,0,0.000198137,-5.31663e-05,4.44715e+06,-1.03513e+06,0,4.56603e+06,-165996,4.62624e+06
ground,513,513,0.0058159,5,0.000581032,1473,18,0.000749536,-7.45795e-07,0,0.000749537,-0.000352832,4.81907e+06,9087.09,0,4.81908e+06,931573,3.54326e+06
ground,514,514,0.0731532,5,0.000301088,1474,18,0.000458458,-3.77527e-05,0,0.00046001,-0.000833745,1.96336e+06,-653398,0,2.06923e+06,-2.09779e+07,2.0979e+07
ground,515,515,0.0622657,5,0.000201972,1478,18,0.00031817,-0.00018787,0,0.000369496,-0.000527446,2.12324e+06,-3.526e+06,0,4.11592e+06,-1.35022e+07,1.54415e+07
ground,516,516,0.197356,5,0.000104031,1482,18,0.000256436,4.22246e-05,0,0.000259889,-0.000657021,2.11364e+06,1.03826e+06,0,2.35488e+06,-1.95525e+07,1.98949e+07
ground,517,517,0.00667353,5,0.000501802,1483,18,0.000608872,0.000219792,0,0.000647328,-0.000132066,4.82122e+06,545235,0,4.85196e+06,3.53555e+06,1.59825e+06
ground,518,518,0.00561431,5,1.99164e-05,1484,18,-8.85058e-05,0.000372137,0,0.000382517,-0.000360557,-5.18875e+06,1.04218e+07,0,1.16421e+07,-1.28448e+07,2.03604e+07
ground,519,519,0.0818133,5,0.000102834,1488,18,0.0002129,-0.000215343,0,0.000302818,-0.000848614,17718.8,-5.33844e+06,0,5.33847e+06,-2.63093e+07,2.63489e+07
ground,520,520,0.0042235,5,0.000148876,1489,18,0.000264735,0.000106914,0,0.000285509,-4.47195e-05,4.38129e+06,1.21919e+06,0,4.54776e+06,1.32527e+06,3.72087e+06
ground,521,521,0.00737329,5,0.000826751,1490,18,0.000705708,0.000710602,0,0.00100149,-0.000719865,-22703.2,6.49812e+06,0,6.49816e+06,-1.24167e+07,1.61411e+07
ground,522,522,0.259293,5,0.000117436,1492,18,0.000268018,6.22381e-05,0,0.00027515,-0.000662495,2.06088e+06,1.52501e+06,0,2.56376e+06,-1.94603e+07,1.98635e+07
ground,523,523,0.0290402,5,0.000849301,1496,18,0.000882136,0.000522594,0,0.00102531,-0.000901783,1.26017e+06,4.91964e+06,0,5.07848e+06,-1.4396e+07,1.67059e+07
ground,524,524,0.00732282,5,0.000521384,1498,18,0.000678814,-7.77553e-05,0,0.000683252,-0.000394873,4.46964e+06,-534398,0,4.50147e+06,-1.55723e+06,5.3501e+06
ground,525,525,0.0712991,5,0.000548084,1499,18,0.000533999,0.000499508,0,0.000731206,-0.000677891,357364,6.12891e+06,0,6.13932e+06,-1.3928e+07,1.70348e+07
ground,526,526,0.0208408,5,0.000329581,1500,18,0.0004686,0.00016388,0,0.00049643,-0.000891956,1.39192e+06,2.84826e+06,0,3.17018e+06,-2.25444e+07,2.25189e+07
ground,527,527,0.0263547,5,0.0010167,1506,18,0.00105328,-0.000563603,0,0.00119459,-0.00102946,1.29385e+06,-4.80656e+06,0,4.97766e+06,-1.51065e+07,1.71935e+07
ground,528,528,0.0599982,5,0.000556392,1512,18,0.000630365,-0.000344137,0,0.000718186,-0.000584803,2.56985e+06,-3.31261e+06,0,4.19255e+06,-9.06422e+06,1.18478e+07
ground,529,529,0.00784077,5,0.00070061,1514,18,0.000563135,0.000658967,0,0.000866809,-0.00054403,124876,6.15415e+06,0,6.15541e+06,-9.64002e+06,1.40515e+07
ground,530,530,0.00591859,5,4.54752e-06,1518,18,0.000114748,0.000207007,0,0.000236683,-0.000948737,-1.02242e+06,6.01509e+06,0,6.10137e+06,-3.19795e+07,3.12695e+07
ground,531,531,0.123775,5,0.000379029,1520,18,0.000508863,-0.00018941,0,0.000542971,-0.000613673,2.64775e+06,-2.52823e+06,0,3.66095e+06,-1.25052e+07,1.43178e+07
ground,532,532,0.00639333,5,3.50422e-05,1524,18,-0.000105082,-0.000540331,0,0.000550454,-0.000832167,-8.472e+06,-1.50837e+07,0,1.73001e+07,-2.88244e+07,3.43374e+07
ground,533,533,0.00898532,5,0.000531093,1526,18,0.000496805,-0.000557483,0,0.000746728,-0.000905032,-1.09243e+06,-7.82489e+06,0,7.90078e+06,-2.1895e+07,2.37201e+07
ground,534,534,0.00572662,5,0.000313581,1528,18,0.000467292,-2.3198e-05,0,0.000467868,-0.000235102,4.60665e+06,-100835,0,4.60776e+06,-635702,4.68361e+06
ground,535,535,0.0799242,5,0.000496653,1529,18,0.00063584,-0.000191518,0,0.000664057,-0.000775063,2.40494e+06,-2.36318e+06,0,3.3717e+06,-1.5208e+07,1.64664e+07
ground,536,536,0.00787879,5,0.000126084,1530,18,0.000168739,0.000359211,0,0.00039687,-0.000914371,-2.10454e+06,8.71839e+06,0,8.9688e+06,-2.86785e+07,2.95685e+07
ground,537,537,0.00478308,5,0.00046036,1532,18,0.000620706,1.54777e-05,0,0.000620899,-0.000323303,4.66943e+06,107468,0,4.67066e+06,-349385,4.52244e+06
ground,538,538,0.160345,5,5.85076e-06,1536,18,0.000153682,5.92896e-05,0,0.000164722,-0.000624322,1.85064e+06,1.71305e+06,0,2.52178e+06,-2.07169e+07,2.09848e+07
ground,539,539,0.00704184,5,0.000467932,1539,18,0.000371301,0.00057609,0,0.000685379,-0.000655121,-1.38646e+06,8.06713e+06,0,8.1854e+06,-1.62317e+07,1.99103e+07
ground,540,540,0.00494546,5,0.000912771,1543,18,0.00108438,-4.57067e-05,0,0.00108534,-0.000592916,4.72359e+06,295977,0,4.73285e+06,271917,4.09491e+06
ground,541,541,0.00427455,5,0.000131235,1554,18,0.00027358,-4.7122e-05,0,0.000277609,-0.000142398,4.45463e+06,-663179,0,4.50372e+06,-1.45274e+06,5.34966e+06
ground,542,542,0.00447282,5,0.000133026,1555,18,0.000233294,0.000121251,0,0.000262922,-3.4692e-05,4.0758e+06,1.56996e+06,0,4.36771e+06,1.2617e+06,3.978e+06
ground,543,543,0.112801,5,0.00032081,1557,18,0.000476319,6.90628e-05,0,0.0004813,-0.000766505,2.27352e+06,1.10583e+06,0,2.52819e+06,-1.83451e+07,1.88402e+07
ground,544,544,0.00695035,5,4.52622e-05,1559,18,0.000188981,-1.38953e-05,0,0.000189491,-6.53615e-05,4.60458e+06,-223637,0,4.61e+06,-820093,4.85496e+06
ground,545,545,0.00456366,5,0.000521635,1561,18,0.000690688,-1.58801e-05,0,0.000690871,-0.000309915,4.80112e+06,-76817.8,0,4.80173e+06,821223,3.53194e+06
ground,546,546,0.00498362,5,0.000310532,1562,18,0.000465752,-1.79801e-05,0,0.000466099,-0.000228892,4.64145e+06,-162100,0,4.64428e+06,-506193,4.60895e+06
ground,547,547,0.171018,5,6.104e-06,1564,18,0.000155398,5.04836e-05,0,0.000163392,-0.000646589,1.78552e+06,1.4584e+06,0,2.30544e+06,-2.1474e+07,2.15898e+07
ground,548,548,0.0046941,5,3.25851e-06,1566,18,-9.0103e-05,-0.000414135,0,0.000423823,-0.000546651,-5.93759e+06,-1.20446e+07,0,1.34286e+07,-1.92544e+07,2.56137e+07
ground,549,549,0.00396289,5,0.000182892,1567,18,0.000318529,-8.3841e-05,0,0.000329378,-0.000112745,4.53961e+06,-894605,0,4.62692e+06,204256,4.26244e+06
ground,550,550,0.152169,5,6.01022e-06,1568,18,9.90181e-05,-0.000192622,0,0.000216582,-0.000493192,733714,-5.55391e+06,0,5.60216e+06,-1.63541e+07,1.85817e+07
ground,551,551,0.00525181,5,3.40573e-05,1569,18,-1.59753e-05,-0.000383077,0,0.00038341,-0.000540509,-3.9902e+06,-1.0505e+07,0,1.12373e+07,-1.84218e+07,2.35626e+07
ground,552,552,0.00468774,5,0.000887918,1570,18,0.00106992,3.06951e-05,0,0.00107036,-0.000508277,4.91064e+06,206378,0,4.91498e+06,1.97573e+06,2.73244e+06
ground,553,553,0.0242149,5,9.22246e-05,1572,18,0.000148206,0.00022456,0,0.000269058,-0.000293685,1.29876e+06,4.94917e+06,0,5.11675e+06,-8.44092e+06,1.23182e+07
ground,554,554,0.00853903,5,0.000260159,1573,18,0.000379038,-0.000218833,0,0.000437673,-0.000899916,692267,-4.29423e+06,0,4.34968e+06,-2.4527e+07,2.44481e+07
ground,555,555,0.254765,5,0.000187004,1574,18,0.000340146,5.85485e-05,0,0.000345148,-0.000711667,2.08782e+06,1.29839e+06,0,2.45862e+06,-1.95354e+07,1.98761e+07
ground,556,556,0.0637555,5,0.00040138,1578,18,0.000531892,-0.00020624,0,0.000570477,-0.000775896,1.91294e+06,-3.10621e+06,0,3.64799e+06,-1.74026e+07,1.84365e+07
ground,557,557,0.00577646,5,1.37645e-05,1579,18,-0.000107958,-0.000424629,0,0.000438138,-0.000494378,-6.45153e+06,-1.21106e+07,0,1.37219e+07,-1.75098e+07,2.47086e+07
ground,558,558,0.00396061,5,2.94539e-05,1580,18,-2.99822e-05,0.000355987,0,0.000357247,-0.000418323,-3.71201e+06,9.76933e+06,0,1.04508e+07,-1.44169e+07,2.04255e+07
ground,559,559,0.0231216,5,2.76379e-05,1581,18,5.97593e-05,0.000227202,0,0.00023493,-0.000265837,86229.5,6.08782e+06,0,6.08843e+06,-8.68063e+06,1.33836e+07
ground,560,560,0.00446363,5,3.44649e-05,1582,18,-8.25277e-05,0.000440879,0,0.000448537,-0.000537111,-6.16413e+06,1.21342e+07,0,1.36101e+07,-1.87174e+07,2.53639e+07
ground,561,561,0.0946154,5,0.000434211,1584,18,0.000584256,-0.000134709,0,0.000599584,-0.000832035,2.15558e+06,-1.92997e+06,0,2.89332e+06,-1.81923e+07,1.88114e+07
ground,562,562,0.160676,5,9.1496e-06,1585,18,0.000156722,6.24474e-05,0,0.000168705,-0.000631687,1.81159e+06,1.7925e+06,0,2.54852e+06,-2.09022e+07,2.11485e+07
ground,563,563,0.0358214,5,0.000437291,1588,18,0.000592127,0.000101755,0,0.000600807,-0.00102029,1.44951e+06,1.3908e+06,0,2.00883e+06,-2.42808e+07,2.37262e+07
ground,564,564,0.00514991,5,0.000107988,1598,18,0.000241283,-6.76289e-05,0,0.000250581,-6.07442e-05,4.50664e+06,-993006,0,4.61475e+06,397091,4.1903e+06
ground,565,565,0.00507496,5,0.000310048,1599,18,0.00046582,3.17672e-06,0,0.000465831,-0.000203764,4.72271e+06,-139111,0,4.72476e+06,166015,4.12781e+06
ground,566,566,0.00680566,5,0.00057243,1602,18,0.00051325,-0.000568615,0,0.000765995,-0.00070849,-187790,-6.77743e+06,0,6.78003e+06,-1.55098e+07,1.85072e+07
ground,567,567,0.00612568,5,0.00047391,1604,18,0.000644183,-2.00168e-05,0,0.000644494,-0.000109271,4.921e+06,-90850.6,0,4.92184e+06,4.36753e+06,569934
