Block Name,Cell ID,Area,Cell Type,effective_plastic_strain,ids,object_id,strain_x_0,strain_x_1,strain_x_2,strain_x_Magnitude,strain_yy,stress_x_0,stress_x_1,stress_x_2,stress_x_Magnitude,stress_yy,vonmises_stress
ground,0,0.020261,5,0.000527795,7,14,0.000602056,-0.000381272,0,0.000712629,-0.000927625,574114,-5.36754e+06,0,5.39815e+06,-2.0685e+07,2.17581e+07
ground,1,0.00888786,5,0.00124577,14,14,0.00114105,-0.000916015,0,0.00146324,-0.00150639,-2.44179e+06,-9.33342e+06,0,9.64754e+06,-2.88362e+07,2.96944e+07
ground,2,0.0610149,5,0.00019778,17,14,0.000324686,-0.00018359,0,0.000372996,-0.000868106,778033,-3.93957e+06,0,4.01566e+06,-2.47186e+07,2.45961e+07
ground,3,0.0100113,5,0.000948837,21,14,0.000702698,-0.000918553,0,0.00115651,-0.000873768,-2.35274e+06,-9.08398e+06,0,9.38372e+06,-1.76668e+07,2.16224e+07
ground,4,0.00958255,5,0.000260078,36,14,0.000410927,-2.34763e-05,0,0.000411597,-0.000198079,4.65832e+06,-169130,0,4.66139e+06,-421631,4.64258e+06
ground,5,0.0491711,5,0.000718502,39,14,0.000725651,-0.000507968,0,0.000885777,-0.000690028,1.62166e+06,-4.59507e+06,0,4.87283e+06,-1.08179e+07,1.38279e+07
ground,6,0.0355734,5,0.000352532,40,14,0.000492527,0.000167939,0,0.000520371,-0.00100074,954937,3.02445e+06,0,3.17163e+06,-2.56606e+07,2.50912e+07
ground,7,0.0162178,5,0.000882157,43,14,0.000611211,-0.00078109,0,0.000991807,-0.000323334,1.48416e+06,-4.23914e+06,0,4.49144e+06,-3.12923e+06,8.38126e+06
ground,8,0.00620772,5,0.000798952,47,14,0.000501579,-0.000753477,0,0.000905157,-0.000246385,1.17069e+06,-4.41081e+06,0,4.56353e+06,-2.89529e+06,8.43641e+06
ground,9,0.0262685,5,0.000166871,48,14,0.000298041,-0.000164741,0,0.000340541,-0.000890644,684963,-3.68758e+06,0,3.75066e+06,-2.61211e+07,2.5691e+07
ground,10,0.00637995,5,0.000144125,52,14,0.000285755,-6.17946e-05,0,0.00029236,-0.000246173,3.93327e+06,-1.23897e+06,0,4.12379e+06,-4.65802e+06,7.74876e+06
ground,11,0.0316194,5,0.000377579,54,14,0.000498801,0.00023541,0,0.000551562,-0.000868503,1.27682e+06,3.72496e+06,0,3.93771e+06,-2.11312e+07,2.1597e+07
ground,12,0.0681414,5,0.000150344,55,14,0.000200899,0.000264658,0,0.000332271,-0.000383872,1.03632e+06,5.30303e+06,0,5.40334e+06,-1.0473e+07,1.4003e+07
ground,13,0.0451254,5,1.545e-05,64,14,0.000121093,-0.000170571,0,0.000209184,-0.000469452,1.27625e+06,-4.7993e+06,0,4.9661e+06,-1.54079e+07,1.74846e+07
ground,14,0.0214614,5,0.000976639,65,14,0.000921311,-0.000668645,0,0.00113838,-0.000761577,1.68894e+06,-4.53115e+06,0,4.83568e+06,-9.73172e+06,1.29774e+07
ground,15,0.0520678,5,0.000345954,66,14,0.000483358,0.000176631,0,0.00051462,-0.000902461,1.34047e+06,2.98255e+06,0,3.26994e+06,-2.26344e+07,2.26399e+07
ground,16,0.00873189,5,0.000321792,67,14,0.000316354,-0.000450104,0,0.000550158,-0.000761425,-1.22252e+06,-7.98583e+06,0,8.07886e+06,-2.05821e+07,2.29963e+07
ground,17,0.00690727,5,0.000652157,70,14,0.000808564,0.000110462,0,0.000816074,-0.000361626,4.70277e+06,722262,0,4.75791e+06,1.43928e+06,3.21863e+06
ground,18,0.0496614,5,0.00025656,73,14,0.000382777,0.000198492,0,0.000431181,-0.000900683,806209,3.91715e+06,0,3.99926e+06,-2.45711e+07,2.446e+07
ground,19,0.0778853,5,0.00029007,74,14,0.000436149,0.000126626,0,0.000454158,-0.000954971,1.12166e+06,2.37864e+06,0,2.62984e+06,-2.54534e+07,2.48497e+07
ground,20,0.0116991,5,0.00127548,76,14,0.00113376,-0.000875555,0,0.00143248,-0.000870838,1.35358e+06,-4.92947e+06,0,5.11194e+06,-9.64344e+06,1.31567e+07
ground,21,0.0226281,5,0.000347382,79,14,0.000401903,0.000341837,0,0.000527616,-0.000604256,1.06695e+06,5.21918e+06,0,5.32712e+06,-1.40881e+07,1.6645e+07
ground,22,0.0116913,5,6.9834e-05,85,14,0.000213854,7.21849e-06,0,0.000213976,-9.02316e-05,4.60787e+06,104881,0,4.60906e+06,-870741,4.94208e+06
ground,23,0.0108348,5,0.000422824,87,14,0.000489907,-0.000348984,0,0.000601497,-0.000703142,1.11002e+06,-5.05419e+06,0,5.17465e+06,-1.55733e+07,1.76824e+07
ground,24,0.0107426,5,0.000171935,92,14,0.000103264,0.000321715,0,0.000337881,-0.000143683,-2207.91,5.43336e+06,0,5.43336e+06,-4.26309e+06,1.02353e+07
ground,25,0.00748679,5,0.000367246,93,14,0.000524452,4.65248e-05,0,0.000526511,-0.000224084,4.76578e+06,182585,0,4.76928e+06,535349,3.84258e+06
ground,26,0.133674,5,9.87285e-05,97,14,0.000249009,-6.01142e-05,0,0.000256162,-0.000700372,1.8454e+06,-1.44258e+06,0,2.34234e+06,-2.11426e+07,2.12599e+07
ground,27,0.013986,5,3.4816e-05,112,14,0.000184295,-2.80473e-05,0,0.000186417,-0.000966217,351270,-777458,0,853131,-3.1638e+07,3.00108e+07
ground,28,0.00593925,5,0.00120365,113,14,0.000507212,-0.00141442,0,0.00150261,-0.000907957,-8.34259e+06,-1.45191e+07,0,1.67452e+07,-2.33593e+07,2.98826e+07
ground,29,0.0438844,5,0.000559776,115,14,0.000632309,-0.000388851,0,0.000742307,-0.000903822,833875,-5.0815e+06,0,5.14946e+06,-1.93662e+07,2.06253e+07
ground,30,0.00732924,5,0.000937294,123,14,0.000675054,-0.000789306,0,0.00103861,-0.000320848,2.4384e+06,-3.39426e+06,0,4.17933e+06,-2.32023e+06,7.17991e+06
ground,31,0.00644837,5,4.73105e-05,126,14,0.000113588,0.000216809,0,0.000244762,-0.00036303,820509,5.56497e+06,0,5.62513e+06,-1.1401e+07,1.48494e+07
ground,32,0.0963093,5,0.000123808,131,14,0.000275403,-5.45513e-05,0,0.000280754,-0.00077429,1.60722e+06,-1.2695e+06,0,2.04812e+06,-2.30549e+07,2.28188e+07
ground,33,0.0336065,5,0.000672075,132,14,0.00074437,-0.0004226,0,0.000855966,-0.00100298,617895,-5.33678e+06,0,5.37244e+06,-2.03291e+07,2.14777e+07
ground,34,0.00779761,5,0.00120049,135,14,0.00090996,-0.000898976,0,0.00127913,-0.000363605,3.8243e+06,-1.91867e+06,0,4.27862e+06,-33556.4,4.92928e+06
ground,35,0.015436,5,1.27493e-05,146,14,0.000113183,-0.000154461,0,0.00019149,-0.000328078,1.81643e+06,-4.33766e+06,0,4.70263e+06,-1.06383e+07,1.3554e+07
ground,36,0.0184675,5,0.00039457,150,14,0.00052926,0.000199221,0,0.000565513,-0.00107477,646031,3.42574e+06,0,3.48613e+06,-2.72969e+07,2.64817e+07
ground,37,0.0483906,5,0.000402793,153,14,0.000466716,-0.000351759,0,0.00058443,-0.000706829,956894,-5.23873e+06,0,5.32541e+06,-1.61777e+07,1.82456e+07
ground,38,0.00678387,5,6.42834e-06,156,14,0.000153232,2.87599e-05,0,0.000155908,-0.00106798,-354705,833899,0,906203,-3.58092e+07,3.35409e+07
ground,39,0.0617463,5,0.000232247,157,14,0.000341986,-0.000235051,0,0.000414974,-0.000796371,796769,-4.67649e+06,0,4.74388e+06,-2.18565e+07,2.25205e+07
ground,40,0.00750548,5,2.14906e-06,163,14,0.000145006,6.43822e-05,0,0.000158656,-0.00112413,-790785,1.87817e+06,0,2.03786e+06,-3.78571e+07,3.53224e+07
ground,41,0.0470443,5,0.00031301,173,14,0.000393663,0.000307929,0,0.000499791,-0.000743093,743705,5.29782e+06,0,5.34977e+06,-1.88875e+07,2.03803e+07
ground,42,0.0220032,5,0.00125729,175,14,0.00112441,0.000836367,0,0.00140136,-0.000759458,2.27935e+06,3.81722e+06,0,4.44596e+06,-6.32055e+06,1.00708e+07
ground,43,0.0597662,5,0.000421555,192,14,0.000551609,-0.000219468,0,0.000593666,-0.000929168,1.28043e+06,-3.41905e+06,0,3.65094e+06,-2.20433e+07,2.22485e+07
ground,44,0.0292634,5,0.000386755,195,14,0.000495223,-0.000269152,0,0.000563639,-0.000811647,1.28273e+06,-4.17316e+06,0,4.36585e+06,-1.93112e+07,2.02948e+07
ground,45,0.0062091,5,0.000335451,199,14,0.000490497,1.19938e-05,0,0.000490643,-0.000249835,4.64676e+06,115562,0,4.6482e+06,-540029,4.68141e+06
ground,46,0.1022,5,0.000281239,203,14,0.000413647,0.000177382,0,0.000450076,-0.000760691,1.68205e+06,3.1139e+06,0,3.53916e+06,-1.94129e+07,2.00774e+07
ground,47,0.0255325,5,0.000173386,205,14,0.000307558,-0.000154072,0,0.000343991,-0.000903948,724445,-3.46897e+06,0,3.54381e+06,-2.63648e+07,2.58273e+07
ground,48,0.0894422,5,0.000169673,217,14,0.00029107,-0.000190518,0,0.000347878,-0.000782325,944683,-4.16757e+06,0,4.27329e+06,-2.25159e+07,2.28851e+07
ground,49,0.00497619,5,0.000109693,218,14,0.000254234,-2.77875e-05,0,0.000255749,-0.000139689,4.46661e+06,-405875,0,4.48501e+06,-1.78226e+06,5.54081e+06
ground,50,0.0371501,5,9.75426e-05,221,14,0.000235439,0.000126263,0,0.000267159,-0.000874395,695327,3.14394e+06,0,3.21991e+06,-2.70663e+07,2.64105e+07
ground,51,0.0879864,5,4.70775e-05,224,14,0.00013875,-0.000201983,0,0.000245048,-0.000488607,961520,-5.28667e+06,0,5.37339e+06,-1.54344e+07,1.77273e+07
ground,52,0.00538998,5,1.21692e-05,228,14,0.000152694,-8.31793e-05,0,0.00017388,-0.00115096,-948561,-2.39522e+06,0,2.5762e+06,-3.8533e+07,3.59148e+07
ground,53,0.0192901,5,0.000426126,231,14,0.000331366,0.00048169,0,0.000584661,-0.000321327,669070,5.36559e+06,0,5.40715e+06,-6.6323e+06,1.14603e+07
ground,54,0.0184558,5,1.73346e-05,232,14,9.29191e-05,-0.000203417,0,0.000223635,-0.000383393,743909,-5.66798e+06,0,5.71659e+06,-1.26103e+07,1.58059e+07
ground,55,0.0152881,5,0.000811539,240,14,0.00068437,-0.000748084,0,0.0010139,-0.000884786,-1.55451e+06,-8.31309e+06,0,8.45718e+06,-1.78093e+07,2.11989e+07
ground,56,0.192195,5,2.75693e-05,242,14,0.000180178,-3.83147e-06,0,0.000180218,-0.000716986,1.62346e+06,-102678,0,1.6267e+06,-2.3339e+07,2.30627e+07
ground,57,0.437192,5,9.81895e-06,244,14,0.000160044,1.82781e-05,0,0.000161084,-0.000679523,1.75808e+06,524099,0,1.83454e+06,-2.23187e+07,2.22197e+07
ground,58,0.0146711,5,0.000419054,249,14,0.000329643,0.000503688,0,0.000601968,-0.000430468,-382668,6.60879e+06,0,6.61986e+06,-9.82669e+06,1.45766e+07
ground,59,0.0679711,5,0.000450691,251,14,0.000491641,0.000376993,0,0.000619544,-0.000554973,1.61812e+06,4.59909e+06,0,4.87544e+06,-1.08396e+07,1.38478e+07
ground,60,0.0063874,5,8.40444e-05,264,14,0.000229509,-4.94452e-06,0,0.000229563,-9.31074e-05,4.62451e+06,-85534,0,4.6253e+06,-729808,4.84123e+06
ground,61,0.0126906,5,4.76301e-05,275,14,0.000181438,-5.55116e-05,0,0.00018974,-8.93853e-05,4.2593e+06,-1.19973e+06,0,4.42504e+06,-1.52852e+06,5.51662e+06
ground,62,0.0143633,5,0.000152073,278,14,0.000296339,4.12771e-05,0,0.0002992,-0.000101959,4.70657e+06,385896,0,4.72236e+06,259959,4.21889e+06
ground,63,0.00699877,5,0.000357045,283,14,0.000513959,-6.08355e-05,0,0.000517547,-0.000143303,4.91884e+06,-298498,0,4.92789e+06,2.29322e+06,2.49811e+06
ground,64,0.045669,5,0.000294766,286,14,0.000426636,-0.000183126,0,0.000464277,-0.000793179,1.5622e+06,-3.20359e+06,0,3.5642e+06,-2.01995e+07,2.073e+07
ground,65,0.00850167,5,1.24981e-05,289,14,0.000158678,-6.35525e-05,0,0.000170932,-0.000949242,232173,-1.82388e+06,0,1.83859e+06,-3.16227e+07,3.0102e+07
ground,66,0.00572106,5,6.92075e-07,294,14,0.00014865,-1.41216e-05,0,0.000149319,-0.00102606,-134996,-412720,0,434237,-3.45145e+07,3.2457e+07
ground,67,0.0102142,5,0.000161353,318,14,0.00031144,-2.08482e-06,0,0.000311447,-0.000120675,4.69823e+06,-43894.9,0,4.69844e+06,-129864,4.38662e+06
ground,68,0.0139056,5,8.28594e-06,322,14,0.000131058,-8.42071e-05,0,0.000155779,-0.000156419,3.40454e+06,-2.36222e+06,0,4.14379e+06,-4.7124e+06,8.1495e+06
ground,69,0.0163259,5,0.00126083,324,14,0.00111102,0.000902599,0,0.00143145,-0.000969279,305719,6.17582e+06,0,6.18338e+06,-1.30851e+07,1.64574e+07
ground,70,0.0896523,5,9.50279e-05,325,14,0.000189721,0.000217039,0,0.000288271,-0.000564149,945537,5.16723e+06,0,5.25303e+06,-1.70484e+07,1.89212e+07
ground,71,0.202984,5,4.20214e-05,326,14,0.000193743,-3.3736e-05,0,0.000196658,-0.000677604,1.82746e+06,-904296,0,2.03896e+06,-2.1672e+07,2.16849e+07
ground,72,0.039415,5,0.000468958,336,14,0.000489679,0.000408739,0,0.00063785,-0.000540748,1.4925e+06,4.76755e+06,0,4.9957e+06,-1.04911e+07,1.36831e+07
ground,73,0.207899,5,2.58768e-06,337,14,0.000150727,-5.57365e-05,0,0.000160702,-0.000608474,1.93006e+06,-1.62127e+06,0,2.52064e+06,-2.02482e+07,2.05829e+07
ground,74,0.00487312,5,2.6765e-05,338,14,0.000166907,8.73627e-05,0,0.000188389,-0.0011735,-995583,2.46952e+06,0,2.66265e+06,-3.89397e+07,3.62334e+07
ground,75,0.0898619,5,0.000287189,339,14,0.000393183,0.000251452,0,0.000466713,-0.000778477,1.03902e+06,4.52543e+06,0,4.64318e+06,-2.01646e+07,2.10895e+07
ground,76,0.0171177,5,0.000195132,346,14,0.000255261,-0.0002307,0,0.000344065,-0.000244804,2.355e+06,-3.6862e+06,0,4.37426e+06,-4.85819e+06,8.98095e+06
ground,77,0.0149929,5,0.000372445,364,14,0.000408574,-0.000380993,0,0.000558649,-0.00063643,518388,-5.92218e+06,0,5.94482e+06,-1.48823e+07,1.76303e+07
ground,78,0.00866363,5,0.000700131,366,14,0.000637794,-0.00061657,0,0.000887097,-0.00077942,-455010,-7.0627e+06,0,7.07734e+06,-1.51727e+07,1.8505e+07
ground,79,0.0284608,5,0.000902621,370,14,0.000934075,0.000562636,0,0.00109044,-0.00111961,295082,5.89651e+06,0,5.90389e+06,-2.0367e+07,2.17119e+07
ground,80,0.42205,5,6.43746e-06,373,14,0.000156924,4.74937e-06,0,0.000156996,-0.000650994,1.89932e+06,137043,0,1.90426e+06,-2.14195e+07,2.14573e+07
ground,81,0.319769,5,1.36845e-05,374,14,0.000164322,-1.67641e-06,0,0.000164331,-0.000655358,1.90438e+06,-46764.2,0,1.90496e+06,-2.13971e+07,2.14335e+07
ground,82,0.00672551,5,0.000105298,380,14,0.000251986,1.24893e-06,0,0.000251989,-0.000101037,4.64748e+06,36778.7,0,4.64762e+06,-560067,4.71993e+06
ground,83,0.301592,5,1.07564e-05,386,14,0.000161341,6.94192e-06,0,0.00016149,-0.000648942,1.92267e+06,198507,0,1.93289e+06,-2.12535e+07,2.1316e+07
ground,84,0.0708298,5,0.000440035,393,14,0.000559459,-0.000249267,0,0.000612478,-0.00082171,1.65293e+06,-3.53692e+06,0,3.9041e+06,-1.83261e+07,1.92869e+07
ground,85,0.0990269,5,0.000254752,402,14,0.000400373,0.000121036,0,0.000418268,-0.00084631,1.48968e+06,2.39757e+06,0,2.82267e+06,-2.25932e+07,2.2518e+07
ground,86,0.00553089,5,0.000406218,403,14,0.000566149,-1.44454e-05,0,0.000566333,-0.000258983,4.76499e+06,-71961.9,0,4.76553e+06,453008,3.95353e+06
ground,87,0.151136,5,0.000103461,413,14,0.000253246,-6.53209e-05,0,0.000261535,-0.000698928,1.85002e+06,-1.54551e+06,0,2.41064e+06,-2.09995e+07,2.11501e+07
ground,88,0.41549,5,9.47676e-05,416,14,0.00024705,9.82583e-06,0,0.000247246,-0.000689384,2.0109e+06,251996,0,2.02663e+06,-2.06765e+07,2.07945e+07
ground,89,0.32719,5,8.76107e-05,417,14,0.000239762,-9.81002e-06,0,0.000239963,-0.000692435,1.97239e+06,-250525,0,1.98824e+06,-2.09462e+07,2.10243e+07
ground,90,0.0059189,5,8.96588e-06,422,14,0.000156742,1.89356e-05,0,0.000157882,-0.00104063,-173167,546935,0,573694,-3.48045e+07,3.26877e+07
ground,91,0.012182,5,1.50455e-05,431,14,0.000130844,0.000183607,0,0.000225459,-0.000799629,-2974.44,5.23386e+06,0,5.23386e+06,-2.65593e+07,2.66013e+07
ground,92,0.0200767,5,9.86386e-05,432,14,0.000237718,0.000121167,0,0.000266816,-0.000913485,551013,3.03243e+06,0,3.08208e+06,-2.83525e+07,2.74427e+07
ground,93,0.0401744,5,9.81818e-05,443,14,0.000238101,0.000117338,0,0.000265444,-0.000908388,593859,2.93727e+06,0,2.9967e+06,-2.81853e+07,2.72944e+07
ground,94,0.0912057,5,0.000136816,444,14,0.000280612,-0.000105787,0,0.00029989,-0.000703518,1.7615e+06,-2.35993e+06,0,2.94486e+06,-2.04722e+07,2.08215e+07
ground,95,0.051058,5,6.50116e-05,447,14,0.000216442,-3.12214e-05,0,0.000218682,-0.000862587,1.01047e+06,-798801,0,1.28808e+06,-2.73973e+07,2.64444e+07
ground,96,0.0179353,5,0.000747656,448,14,0.000565164,-0.000658419,0,0.000867713,-0.000331205,1.46335e+06,-4.27982e+06,0,4.52308e+06,-3.28519e+06,8.50449e+06
ground,97,0.00468356,5,0.000420265,451,14,0.000580025,-4.54172e-06,0,0.000580043,-0.000292483,4.6845e+06,-63062.8,0,4.68492e+06,-234833,4.42854e+06
ground,98,0.0201838,5,0.000478627,452,14,0.000438564,0.00047759,0,0.000648406,-0.000481788,742754,5.5705e+06,0,5.6198e+06,-9.55811e+06,1.35474e+07
ground,99,0.0098235,5,0.00030866,459,14,0.000417193,-0.000254602,0,0.000488746,-0.000838385,871844,-4.56996e+06,0,4.65238e+06,-2.16697e+07,2.22968e+07
ground,100,0.0158666,5,0.00140834,461,14,0.00129504,-0.000910772,0,0.00158323,-0.0011511,197345,-6.3217e+06,0,6.32478e+06,-1.48661e+07,1.78054e+07
ground,101,0.0397886,5,0.000201091,462,14,0.000329028,-0.000181536,0,0.000375786,-0.000889962,710844,-3.91848e+06,0,3.98244e+06,-2.53587e+07,2.51023e+07
ground,102,0.0913169,5,0.000243651,469,14,0.000368848,0.000194342,0,0.000416914,-0.000767101,1.32394e+06,3.7731e+06,0,3.99864e+06,-2.04943e+07,2.11289e+07
ground,103,0.00596006,5,6.29505e-05,482,14,0.000163775,-0.000132272,0,0.000210518,-0.000173295,3.00464e+06,-2.94343e+06,0,4.20615e+06,-4.38027e+06,8.19542e+06
ground,104,0.0157623,5,0.000532454,485,14,0.000499102,-0.000536557,0,0.000732801,-0.000757362,-469349,-7.10953e+06,0,7.125e+06,-1.7173e+07,1.99735e+07
ground,105,0.00413847,5,0.000314874,488,14,0.000450014,-0.000114526,0,0.000464359,-9.63971e-05,4.7541e+06,-703847,0,4.80592e+06,2.56456e+06,2.48931e+06
ground,106,0.00931709,5,4.16211e-05,496,14,5.24475e-05,0.000270621,0,0.000275656,-0.000332358,-799972,7.07689e+06,0,7.12196e+06,-1.08921e+07,1.56717e+07
ground,107,0.0668085,5,0.000109317,505,14,0.000182052,-0.0002391,0,0.000300519,-0.000456799,947769,-5.40728e+06,0,5.48972e+06,-1.33736e+07,1.62106e+07
ground,108,0.236946,5,1.15931e-05,507,14,0.000163966,-1.27799e-05,0,0.000164463,-0.000670084,1.78915e+06,-365052,0,1.82602e+06,-2.21331e+07,2.20679e+07
ground,109,0.00508638,5,2.90177e-05,521,14,0.000163957,0.000114807,0,0.000200156,-0.00124155,-1.49211e+06,3.24571e+06,0,3.57226e+06,-4.12388e+07,3.82312e+07
ground,110,0.0113565,5,0.000214221,526,14,0.000363188,4.11193e-05,0,0.000365508,-0.000102716,4.78719e+06,467751,0,4.80999e+06,1.27241e+06,3.45376e+06
ground,111,0.187392,5,3.02458e-05,538,14,0.000182347,2.52625e-05,0,0.000184089,-0.000684583,1.76865e+06,694410,0,1.90009e+06,-2.21857e+07,2.21105e+07
ground,112,0.0217825,5,0.000406014,551,14,0.000522407,0.000260983,0,0.00058397,-0.00100544,604583,4.3752e+06,0,4.41677e+06,-2.50044e+07,2.48711e+07
ground,113,0.0823079,5,0.000200913,566,14,0.000290588,-0.000233799,0,0.000372966,-0.000473469,1.7397e+06,-4.36547e+06,0,4.69935e+06,-1.20636e+07,1.46634e+07
ground,114,0.00465099,5,0.000494663,576,14,0.000652739,2.26418e-06,0,0.000652742,-0.0004012,4.46154e+06,-213816,0,4.46666e+06,-1.99686e+06,5.68346e+06
ground,115,0.00787323,5,4.37495e-06,578,14,0.000146736,6.91284e-05,0,0.000162204,-0.00112711,-809729,2.01073e+06,0,2.16764e+06,-3.79039e+07,3.53686e+07
ground,116,0.00473173,5,1.63964e-05,588,14,0.000153044,-0.000103971,0,0.00018502,-0.0012112,-1.35533e+06,-2.98144e+06,0,3.27504e+06,-4.05084e+07,3.76156e+07
ground,117,0.0365135,5,0.000698495,592,14,0.000758425,0.000451102,0,0.000882441,-0.00097861,680184,5.36878e+06,0,5.4117e+06,-1.9288e+07,2.06707e+07
ground,118,0.0515504,5,0.000405861,599,14,0.000465534,-0.000357063,0,0.000586699,-0.000686384,1.04417e+06,-5.15521e+06,0,5.25989e+06,-1.55692e+07,1.77388e+07
ground,119,0.0231125,5,0.000105638,634,14,0.000179394,0.000188964,0,0.000260556,-0.000224367,2.20512e+06,3.87609e+06,0,4.45944e+06,-5.58548e+06,9.60146e+06
ground,120,0.00709934,5,2.81728e-06,640,14,0.000149751,2.72686e-05,0,0.000152214,-0.00105824,-318823,794610,0,856185,-3.55645e+07,3.33416e+07
ground,121,0.00508188,5,0.000189216,651,14,0.000333524,-5.57492e-05,0,0.000338151,-8.36715e-05,4.71897e+06,-666596,0,4.76582e+06,1.29198e+06,3.47917e+06
ground,122,0.064386,5,0.000104368,653,14,0.000249169,-9.60979e-05,0,0.000267058,-0.000755039,1.44719e+06,-2.3373e+06,0,2.74906e+06,-2.28968e+07,2.28298e+07
ground,123,0.0657602,5,0.000199402,663,14,0.000350117,-7.92265e-05,0,0.000358969,-0.000866999,1.37062e+06,-1.63063e+06,0,2.13016e+06,-2.4483e+07,2.40036e+07
ground,124,0.0110306,5,0.000231212,664,14,0.000342101,0.00016977,0,0.00038191,-0.000309647,3.41839e+06,2.22398e+06,0,4.07817e+06,-5.68279e+06,8.81459e+06
ground,125,0.0208414,5,0.000143978,688,14,0.000284186,-0.000127591,0,0.000311515,-0.000922306,662922,-2.98972e+06,0,3.06233e+06,-2.76777e+07,2.68563e+07
ground,126,0.00642891,5,0.00126434,689,14,0.000870963,-0.00111964,0,0.00141851,-0.000711066,-980689,-7.23996e+06,0,7.30608e+06,-1.10113e+07,1.58359e+07
ground,127,0.0154558,5,0.00137306,696,14,0.00123442,-0.000895649,0,0.00152512,-0.00088583,1.94552e+06,-4.22511e+06,0,4.65152e+06,-8.29693e+06,1.17379e+07
ground,128,0.0316924,5,0.000252143,698,14,0.000402053,-9.38322e-05,0,0.000412857,-0.000969179,1.04345e+06,-1.7999e+06,0,2.08049e+06,-2.67329e+07,2.58508e+07
ground,129,0.236334,5,3.15449e-06,700,14,0.000155561,-1.22164e-06,0,0.000155566,-0.000682295,1.7038e+06,-35511.3,0,1.70417e+06,-2.27489e+07,2.25873e+07
ground,130,0.0504832,5,0.000175203,703,14,0.000296107,0.000195194,0,0.000354655,-0.000803451,828769,4.28311e+06,0,4.36255e+06,-2.3127e+07,2.34207e+07
ground,131,0.00590866,5,1.46833e-06,705,14,0.00014721,-3.98749e-05,0,0.000152515,-0.00108169,-483853,-1.1642e+06,0,1.26075e+06,-3.64076e+07,3.40653e+07
ground,132,0.152374,5,6.83551e-06,709,14,0.000153271,-6.52815e-05,0,0.000166594,-0.00059082,1.97837e+06,-1.88057e+06,0,2.72956e+06,-1.95461e+07,2.00274e+07
ground,133,0.00462935,5,5.38964e-05,729,14,0.000122646,-0.000339377,0,0.000360858,-0.00150416,-4.8002e+06,-9.43147e+06,0,1.05827e+07,-4.99952e+07,4.68166e+07
ground,134,0.00988489,5,7.84779e-05,735,14,0.000218272,4.84509e-05,0,0.000223584,-0.000163843,4.18127e+06,923188,0,4.28197e+06,-3.26921e+06,6.65585e+06
ground,135,0.00857316,5,0.000102668,736,14,0.000246969,2.21242e-05,0,0.000247958,-0.000107755,4.57585e+06,441813,0,4.59713e+06,-820483,4.9264e+06
ground,136,0.00425686,5,1.40187e-05,748,14,-8.46027e-05,-0.000574766,0,0.000580959,-0.00124967,-9.51438e+06,-1.6576e+07,0,1.91125e+07,-4.31472e+07,4.52871e+07
ground,137,0.00458244,5,1.34117e-05,750,14,0.000154317,7.82896e-05,0,0.000173041,-0.00117856,-1.08032e+06,2.25255e+06,0,2.49821e+06,-3.94726e+07,3.66805e+07
ground,138,0.00442161,5,7.525e-05,751,14,0.000218905,-6.74389e-05,0,0.000229057,-0.00121224,-845460,-1.80141e+06,0,1.98994e+06,-3.90589e+07,3.61852e+07
ground,139,0.101914,5,0.00012655,756,14,0.000264153,0.000129342,0,0.000294119,-0.000696505,1.5906e+06,2.97084e+06,0,3.36985e+06,-2.05149e+07,2.0979e+07
ground,140,0.100739,5,0.000100668,759,14,0.000203845,0.000203116,0,0.000287765,-0.000578914,1.1438e+06,4.79473e+06,0,4.92928e+06,-1.73343e+07,1.89802e+07
ground,141,0.102728,5,0.000242843,765,14,0.000381865,0.00014421,0,0.000408188,-0.000715239,1.91976e+06,2.64818e+06,0,3.27083e+06,-1.86151e+07,1.93264e+07
ground,142,0.00440991,5,2.03527e-05,767,14,0.000166862,3.49292e-05,0,0.000170479,-0.00109761,-452415,994507,0,1.09258e+06,-3.6493e+07,3.40942e+07
ground,143,0.00436032,5,6.41611e-05,768,14,0.000211677,-2.98964e-05,0,0.000213778,-0.00112685,-360951,-804738,0,881980,-3.63942e+07,3.39298e+07
ground,144,0.00460118,5,5.23194e-05,773,14,0.000113067,0.00035802,0,0.000375449,-0.00150796,-5.09726e+06,9.97271e+06,0,1.11999e+07,-5.02113e+07,4.718e+07
ground,145,0.00419571,5,3.54022e-05,777,14,-0.000154421,0.000639826,0,0.000658197,-0.00106052,-1.13046e+07,1.80115e+07,0,2.12652e+07,-3.68357e+07,4.20857e+07
ground,146,0.00432628,5,2.34939e-05,788,14,0.000171542,1.61946e-05,0,0.000172305,-0.0010597,-197341,458652,0,499305,-3.51063e+07,3.29131e+07
ground,147,0.00441104,5,5.22687e-05,789,14,0.0002008,-1.30009e-05,0,0.000201221,-0.00108107,-157561,-354247,0,387706,-3.5118e+07,3.28734e+07
ground,148,0.021133,5,1.14974e-05,798,14,5.10497e-05,-0.000208273,0,0.000214438,-0.000241104,263096,-5.86042e+06,0,5.86632e+06,-7.98267e+06,1.2741e+07
ground,149,0.00810507,5,0.000231724,811,14,0.00038345,-1.06912e-05,0,0.000383599,-0.000178153,4.6558e+06,-158387,0,4.65849e+06,-442989,4.61293e+06
ground,150,0.00444197,5,3.96222e-05,812,14,0.000188378,-5.61975e-06,0,0.000188462,-0.00105354,-70080.5,-155581,0,170637,-3.44878e+07,3.23656e+07
ground,151,0.00439969,5,1.81448e-05,813,14,0.000166634,6.98728e-06,0,0.00016678,-0.00103503,-83968.8,199191,0,216166,-3.4391e+07,3.23205e+07
ground,152,0.0204188,5,1.06316e-05,822,14,0.000154982,-8.27236e-05,0,0.000175677,-0.00080036,898703,-2.37487e+06,0,2.53922e+06,-2.6594e+07,2.59764e+07
ground,153,0.00428133,5,1.26635e-05,831,14,0.000161257,2.96333e-06,0,0.000161284,-0.00102122,-36078.2,85109.6,0,92440.7,-3.40525e+07,3.20462e+07
ground,154,0.00442681,5,3.01463e-05,832,14,0.000178925,-2.49983e-06,0,0.000178943,-0.00103745,-31019,-70118,0,76672.8,-3.41708e+07,3.21158e+07
ground,155,0.00444336,5,2.64801e-05,859,14,0.000175257,-9.7541e-07,0,0.00017526,-0.00103091,-14098.4,-27495.8,0,30899.6,-3.4036e+07,3.20091e+07
ground,156,0.00465356,5,9.70077e-06,860,14,0.00015831,1.10223e-06,0,0.000158314,-0.00101473,-15647.8,31794.3,0,35436.3,-3.39017e+07,3.19248e+07
ground,157,0.0206904,5,5.416e-05,868,14,0.000204136,-4.64952e-05,0,0.000209364,-0.000851707,989130,-1.23247e+06,0,1.58031e+06,-2.72796e+07,2.63791e+07
ground,158,0.00515753,5,1.40812e-05,884,14,0.000162728,1.55274e-07,0,0.000162728,-0.0010182,-10344.9,4477.38,0,11272.2,-3.39083e+07,3.19229e+07
ground,159,0.00431553,5,2.87362e-05,885,14,0.000177533,-4.5101e-07,0,0.000177534,-0.00103204,-7889.58,-12761.7,0,15003.5,-3.40159e+07,3.19885e+07
ground,160,0.00486328,5,0.000624654,887,14,0.000793369,-4.19341e-06,0,0.00079338,-0.000428973,4.63502e+06,187678,0,4.63882e+06,-563594,4.57385e+06
ground,161,0.00527421,5,0.000553724,888,14,0.000720806,8.47587e-06,0,0.000720856,-0.000341503,4.80198e+06,-30364.8,0,4.80207e+06,775195,3.6823e+06
ground,162,0.00440308,5,0.00044585,889,14,0.000606569,-8.47938e-07,0,0.00060657,-0.000301262,4.70622e+06,128111,0,4.70796e+06,-19070.1,4.27589e+06
ground,163,0.00357222,5,0.000968279,890,14,0.00115057,-9.74358e-06,0,0.00115061,-0.000632111,4.69793e+06,97697,0,4.69895e+06,5966.62,4.13702e+06
ground,164,0.00543097,5,0.00104705,891,14,0.00122895,-0.000166066,0,0.00124012,-0.000468854,4.95224e+06,-197521,0,4.95618e+06,4.09533e+06,892160
ground,165,0.00507774,5,0.00108535,892,14,0.00128214,3.23518e-05,0,0.00128255,-0.000582917,5.00207e+06,133493,0,5.00385e+06,3.11898e+06,1.77709e+06
ground,166,0.00433214,5,0.000642264,893,14,0.000816178,2.5406e-05,0,0.000816573,-0.000351627,4.92393e+06,49971.4,0,4.92419e+06,1.95249e+06,2.77039e+06
ground,167,0.0043319,5,0.000622556,903,14,0.000792827,2.1014e-06,0,0.00079283,-0.000382701,4.81296e+06,18327.6,0,4.81299e+06,873433,3.60335e+06
ground,168,0.00509765,5,2.20741e-05,905,14,0.000170765,-3.9015e-07,0,0.000170765,-0.00102668,-13420.4,-10943.2,0,17316.4,-3.39966e+07,3.19831e+07
ground,169,0.00429403,5,3.69804e-05,906,14,0.000185833,2.55048e-07,0,0.000185833,-0.00104012,-8295.92,6942.6,0,10817.7,-3.40848e+07,3.20325e+07
ground,170,0.00433196,5,0.000914268,910,14,0.00105898,-0.000211777,0,0.00107995,-0.000638298,4.29435e+06,-1.07915e+06,0,4.42786e+06,-1.68878e+06,5.55459e+06
ground,171,0.00433152,5,0.000454699,913,14,0.000616654,-8.41836e-06,0,0.000616711,-0.00029388,4.75689e+06,-49987.7,0,4.75716e+06,376660,4.00483e+06
ground,172,0.0683311,5,4.06609e-06,922,14,0.000155711,-5.07732e-06,0,0.000155793,-0.000778257,1.22308e+06,-147440,0,1.23194e+06,-2.59722e+07,2.52928e+07
ground,173,0.00431848,5,3.61601e-05,926,14,0.000184932,-1.45904e-06,0,0.000184938,-0.0010423,-23997.1,-40016.9,0,46660.7,-3.41776e+07,3.21112e+07
ground,174,0.00432642,5,5.18871e-05,927,14,0.000200831,1.44424e-06,0,0.000200836,-0.00105634,-19385.7,38835.5,0,43405.1,-3.42669e+07,3.2161e+07
ground,175,0.00481085,5,0.00107888,934,14,0.00127292,0.00015843,0,0.00128274,-0.000516762,5.00849e+06,93272.9,0,5.00936e+06,3.78073e+06,1.15474e+06
ground,176,0.00526608,5,0.000496076,935,14,0.000324098,-0.000622434,0,0.000701757,-0.000493667,-2.06319e+06,-8.19894e+06,0,8.45455e+06,-1.18991e+07,1.73378e+07
ground,177,0.00432639,5,5.76333e-05,937,14,0.000206498,-4.14468e-06,0,0.00020654,-0.0010682,-54258.2,-110813,0,123383,-3.45281e+07,3.23701e+07
ground,178,0.00497687,5,6.83459e-05,938,14,0.00021735,3.92165e-06,0,0.000217385,-0.00107629,-44182.3,103718,0,112737,-3.45392e+07,3.23629e+07
ground,179,0.0907375,5,0.000238875,939,14,0.000333315,0.000242637,0,0.000412277,-0.000542245,1.69491e+06,4.30323e+06,0,4.62499e+06,-1.35688e+07,1.58028e+07
ground,180,0.00439122,5,7.17816e-05,941,14,0.000219193,-3.97843e-05,0,0.000222774,-0.00111523,-275887,-1.06079e+06,0,1.09607e+06,-3.58124e+07,3.34446e+07
ground,181,0.00442327,5,2.19661e-05,942,14,0.000168468,3.97904e-05,0,0.000173104,-0.00108518,-383781,1.12959e+06,0,1.193e+06,-3.60286e+07,3.37107e+07
ground,182,0.00444237,5,8.89439e-05,945,14,0.000216928,-0.000156165,0,0.000267293,-0.00139188,-2.13468e+06,-4.15847e+06,0,4.67437e+06,-4.4952e+07,4.13221e+07
ground,183,0.0136051,5,0.000447031,948,14,0.000507058,0.00038096,0,0.000634223,-0.000814399,606725,5.53331e+06,0,5.56648e+06,-1.89339e+07,2.04751e+07
ground,184,0.00493133,5,8.47379e-05,950,14,0.000233616,-1.00155e-05,0,0.000233831,-0.00110432,-114833,-259396,0,283677,-3.50906e+07,3.27991e+07
ground,185,0.00432637,5,0.000103115,951,14,0.000252219,8.75273e-06,0,0.000252371,-0.00112074,-113481,221008,0,248440,-3.51989e+07,3.28627e+07
ground,186,0.0043294,5,0.000126338,953,14,0.000165855,0.000250411,0,0.000300356,-0.000338719,241522,5.87042e+06,0,5.87539e+06,-9.0531e+06,1.33802e+07
ground,187,0.0173162,5,0.000209549,956,14,0.00035625,-0.000102492,0,0.000370701,-0.00103884,518334,-2.143e+06,0,2.2048e+06,-3.00626e+07,2.8657e+07
ground,188,0.00510631,5,0.000115432,957,14,0.000250855,-0.000123788,0,0.000279735,-0.00133926,-1.50809e+06,-3.19838e+06,0,3.53609e+06,-4.24205e+07,3.90472e+07
ground,189,0.00467001,5,0.00013058,958,14,0.000279431,1.90405e-05,0,0.000280079,-0.00116505,-222504,469567,0,519616,-3.6036e+07,3.35239e+07
ground,190,0.00432625,5,0.000119558,959,14,0.000268023,-2.28309e-05,0,0.000268994,-0.00116416,-272362,-572516,0,634000,-3.62764e+07,3.37413e+07
ground,191,0.092387,5,1.88082e-05,970,14,0.000156701,-9.98627e-05,0,0.000185816,-0.000537937,2.00127e+06,-2.79393e+06,0,3.43674e+06,-1.75081e+07,1.85015e+07
ground,192,0.00377765,5,0.000132109,971,14,0.000277518,-5.86934e-05,0,0.000283657,-0.00124335,-684008,-1.47249e+06,0,1.62361e+06,-3.86803e+07,3.57586e+07
ground,193,0.00378029,5,0.000164238,972,14,0.000310882,5.2304e-05,0,0.000315251,-0.00125403,-572385,1.26678e+06,0,1.3901e+06,-3.82538e+07,3.53482e+07
ground,194,0.00438578,5,6.07985e-05,978,14,0.00020934,-1.96876e-05,0,0.000210264,-0.00108408,-135754,-531281,0,548351,-3.50113e+07,3.27748e+07
ground,195,0.0044489,5,2.2233e-05,979,14,0.000170376,1.79694e-05,0,0.000171321,-0.00105005,-152908,509550,0,531998,-3.48085e+07,3.26678e+07
ground,196,0.0465148,5,0.000196992,983,14,0.000324751,-0.000180964,0,0.000371768,-0.000875086,768421,-3.88377e+06,0,3.95905e+06,-2.49631e+07,2.47787e+07
ground,197,0.00829566,5,6.50157e-05,988,14,0.00020842,2.75908e-05,0,0.000210239,-0.000131455,4.35806e+06,563538,0,4.39434e+06,-2.46583e+06,6.02876e+06
ground,198,0.00425206,5,0.000176192,995,14,0.000313245,0.000123121,0,0.000336573,-0.00138776,-1.42194e+06,3.00576e+06,0,3.32514e+06,-4.25746e+07,3.90568e+07
ground,199,0.00510233,5,0.000189789,998,14,0.000315855,-0.000100333,0,0.000331408,-7.27156e-05,4.57476e+06,-951836,0,4.67273e+06,1.40967e+06,3.55059e+06
ground,200,0.00469625,5,0.00121059,1002,14,3.7097e-05,0.00147736,0,0.00147783,-0.000222065,-1.1168e+07,1.33114e+07,0,1.73758e+07,-1.26278e+07,2.42147e+07
ground,201,0.0677682,5,0.000237243,1006,14,0.000378944,-0.000135392,0,0.000402405,-0.000773949,1.68716e+06,-2.58618e+06,0,3.08785e+06,-2.06538e+07,2.09809e+07
ground,202,0.00435076,5,2.34266e-05,1007,14,0.000171932,1.02242e-05,0,0.000172235,-0.00104019,-85372.8,289398,0,301728,-3.44367e+07,3.23509e+07
ground,203,0.00442655,5,4.72702e-05,1008,14,0.000196071,-1.09269e-05,0,0.000196375,-0.00105899,-62486.4,-299409,0,305860,-3.44854e+07,3.2353e+07
ground,204,0.00669236,5,0.00150807,1025,14,0.0012969,0.0010778,0,0.0016863,-0.00116506,-342401,6.95941e+06,0,6.96783e+06,-1.6123e+07,1.9093e+07
ground,205,0.00467448,5,0.000814566,1036,14,0.000987115,-0.000135822,0,0.000996415,-0.000399265,4.98199e+06,-226751,0,4.98715e+06,3.06604e+06,1.84501e+06
ground,206,0.025042,5,0.000404798,1038,14,0.000493954,0.00031766,0,0.000587281,-0.00084017,835813,4.9617e+06,0,5.0316e+06,-2.00803e+07,2.11551e+07
ground,207,0.00427782,5,1.6801e-05,1039,14,0.000165419,5.39134e-06,0,0.000165507,-0.00102571,-38994,153947,0,158809,-3.41038e+07,3.20824e+07
ground,208,0.00443441,5,3.51749e-05,1040,14,0.000184009,-5.99124e-06,0,0.000184106,-0.00104104,-25146.8,-166891,0,168775,-3.41694e+07,3.2107e+07
ground,209,0.133868,5,1.43593e-05,1049,14,0.000166683,1.16394e-05,0,0.000167089,-0.000687008,1.71846e+06,330386,0,1.74993e+06,-2.26339e+07,2.24847e+07
ground,210,0.00443264,5,8.02815e-05,1059,14,0.000222949,-8.57073e-05,0,0.000238855,-0.00116024,-604565,-2.26813e+06,0,2.34732e+06,-3.71731e+07,3.4654e+07
ground,211,0.00412235,5,3.81081e-05,1060,14,3.11444e-05,-0.000479844,0,0.000480854,-0.0014428,-7.13434e+06,-1.35382e+07,0,1.5303e+07,-4.87278e+07,4.7566e+07
ground,212,0.00499955,5,6.19883e-06,1061,14,3.79824e-06,0.00045919,0,0.000459206,-0.00138936,-7.04304e+06,1.33512e+07,0,1.5095e+07,-4.75858e+07,4.66709e+07
ground,213,0.00443509,5,2.88955e-05,1063,14,0.0001777,-2.44573e-06,0,0.000177717,-0.00103341,-15345.7,-68552.1,0,70248.7,-3.40624e+07,3.20273e+07
ground,214,0.00425615,5,1.19514e-05,1064,14,0.000160564,2.68205e-06,0,0.000160587,-0.00101839,-23976.1,77116.8,0,80758,-3.3972e+07,3.19799e+07
ground,215,0.0131547,5,0.000101136,1069,14,0.000162317,-0.000264493,0,0.000310328,-0.000507109,246424,-6.2516e+06,0,6.25646e+06,-1.53329e+07,1.81831e+07
ground,216,0.00863504,5,0.000192481,1074,14,0.000341815,3.75106e-05,0,0.000343867,-0.000102526,4.75383e+06,460629,0,4.7761e+06,876548,3.70308e+06
ground,217,0.0222663,5,1.86106e-05,1075,14,0.000115168,0.000172899,0,0.000207744,-0.000396425,1.40437e+06,4.80968e+06,0,5.01052e+06,-1.28135e+07,1.5463e+07
ground,218,0.0102501,5,0.00019468,1079,14,0.000344726,5.44228e-05,0,0.000348995,-0.00115253,44223.5,1.16179e+06,0,1.16263e+06,-3.41618e+07,3.19559e+07
ground,219,0.00432292,5,0.000121004,1083,14,0.000172153,-0.00040631,0,0.000441276,-0.00183528,-6.50252e+06,-1.08013e+07,0,1.26075e+07,-5.982e+07,5.50145e+07
ground,220,0.00430488,5,3.49181e-05,1086,14,-0.000179205,-0.000597065,0,0.000623379,-0.000806996,-1.07996e+07,-1.67026e+07,0,1.98899e+07,-2.83927e+07,3.56977e+07
ground,221,0.00429884,5,7.59631e-06,1087,14,-0.000185662,0.000567118,0,0.000596735,-0.000793191,-1.05129e+07,1.64258e+07,0,1.9502e+07,-2.81424e+07,3.53254e+07
ground,222,0.0245102,5,0.000535327,1089,14,0.000619986,-0.000357766,0,0.000715806,-0.000898148,920318,-4.91391e+06,0,4.99935e+06,-1.93903e+07,2.05877e+07
ground,223,0.00446151,5,0.000127296,1090,14,0.000237273,0.000234685,0,0.00033373,-0.00149974,-2.99676e+06,6.08705e+06,0,6.78475e+06,-4.77786e+07,4.39429e+07
ground,224,0.00524075,5,7.86684e-05,1091,14,0.000191882,-0.000213783,0,0.000287266,-0.00144207,-2.88849e+06,-5.77845e+06,0,6.46017e+06,-4.69829e+07,4.33135e+07
ground,225,0.00430161,5,2.14699e-05,1094,14,-7.97096e-05,0.000583886,0,0.000589302,-0.0012742,-9.62592e+06,1.67176e+07,0,1.92909e+07,-4.38562e+07,4.58722e+07
ground,226,0.104697,5,0.000177278,1097,14,0.0003272,7.99136e-05,0,0.000336817,-0.00078275,1.67213e+06,1.73726e+06,0,2.41124e+06,-2.2143e+07,2.20838e+07
ground,227,0.00538429,5,0.0010392,1098,14,0.00112228,0.000509178,0,0.00123238,-0.00169885,-1.15178e+06,6.17912e+06,0,6.28555e+06,-3.50458e+07,3.31791e+07
ground,228,0.00509804,5,1.28731e-05,1103,14,0.000161521,-8.80233e-07,0,0.000161523,-0.00101686,-9825.31,-25278.9,0,27121.2,-3.38941e+07,3.19131e+07
ground,229,0.00437945,5,2.72538e-05,1104,14,0.000176063,1.11946e-07,0,0.000176063,-0.00102959,-2519.75,3210.2,0,4081,-3.39703e+07,3.19528e+07
ground,230,0.00650501,5,0.000164235,1107,14,0.000302684,-0.000135749,0,0.000331731,-0.00115362,-406158,-3.25964e+06,0,3.28485e+06,-3.50164e+07,3.29166e+07
ground,231,0.00429604,5,3.09859e-05,1113,14,-0.000161969,-0.000636921,0,0.000657193,-0.00104124,-1.1377e+07,-1.80088e+07,0,2.13015e+07,-3.6267e+07,4.17326e+07
ground,232,0.00789316,5,7.42511e-05,1114,14,0.000218566,4.59567e-06,0,0.000218614,-0.000108387,4.54126e+06,48594.8,0,4.54152e+06,-1.38181e+06,5.26235e+06
ground,233,0.0386166,5,0.000383504,1115,14,0.000464484,0.000320316,0,0.000564223,-0.00074339,1.06642e+06,4.91882e+06,0,5.0331e+06,-1.74827e+07,1.91124e+07
ground,234,0.00772889,5,0.000403758,1116,14,0.000496545,0.000311218,0,0.000586015,-0.000869622,766556,4.95172e+06,0,5.0107e+06,-2.09632e+07,2.18233e+07
ground,235,0.0047278,5,1.31551e-05,1117,14,8.08015e-05,-0.000318607,0,0.000328694,-0.00118278,-3.55959e+06,-9.17541e+06,0,9.84169e+06,-3.99853e+07,3.88152e+07
ground,236,0.00782175,5,0.000391838,1120,14,0.000472996,0.000334822,0,0.000579509,-0.000888224,488354,5.3174e+06,0,5.33978e+06,-2.20595e+07,2.27978e+07
ground,237,0.0895175,5,6.858e-05,1121,14,0.000205836,0.000123466,0,0.000240026,-0.000844049,713899,3.21845e+06,0,3.29668e+06,-2.66961e+07,2.6148e+07
ground,238,0.00564868,5,0.000668143,1124,14,0.000831398,-4.29843e-05,0,0.000832508,-0.000474267,4.60503e+06,-342298,0,4.61774e+06,-708471,4.83216e+06
ground,239,0.00500136,5,0.000383548,1125,14,0.00053909,-2.58147e-05,0,0.000539707,-0.000307417,4.50708e+06,-425763,0,4.52714e+06,-1.41523e+06,5.27189e+06
ground,240,0.00495718,5,0.000639346,1126,14,0.000802682,3.90992e-05,0,0.000803634,-0.000479868,4.52229e+06,219197,0,4.5276e+06,-1.50089e+06,5.33509e+06
ground,241,0.00417583,5,0.000182008,1127,14,0.000327767,3.93976e-05,0,0.000330126,-0.000240135,4.16572e+06,624983,0,4.21234e+06,-3.56362e+06,6.78427e+06
ground,242,0.00534111,5,1.81306e-05,1132,14,0.000166812,-3.00668e-06,0,0.00016684,-0.00102124,-5174.24,-85726.8,0,85882.8,-3.39101e+07,3.19177e+07
ground,243,0.00430478,5,3.35318e-05,1133,14,0.000182357,2.3072e-06,0,0.000182371,-0.0010369,-9175.8,64358.2,0,65009,-3.40618e+07,3.20191e+07
ground,244,0.00495727,5,0.00102232,1134,14,0.000308286,0.00119835,0,0.00123737,-0.000404624,-6.06748e+06,1.07973e+07,0,1.23853e+07,-1.22626e+07,2.04423e+07
ground,245,0.00403361,5,0.000550549,1137,14,0.000716274,5.47295e-06,0,0.000716295,-0.000357533,4.75019e+06,-41887.6,0,4.75037e+06,320166,4.02541e+06
ground,246,0.00433105,5,0.000334096,1138,14,0.000488938,-3.07211e-06,0,0.000488948,-0.000275431,4.5443e+06,61961.1,0,4.54472e+06,-1.38764e+06,5.24202e+06
ground,247,0.0101048,5,4.54741e-05,1140,14,0.000185897,-3.21953e-05,0,0.000188664,-6.78138e-05,4.53177e+06,-649255,0,4.57804e+06,-793109,4.92809e+06
ground,248,0.00433076,5,0.000138483,1144,14,0.000285755,-4.09923e-06,0,0.000285784,-0.000140749,4.5799e+06,-30650,0,4.58e+06,-1.11178e+06,5.08792e+06
ground,249,0.00521664,5,0.000341884,1149,14,0.000497145,-7.10511e-06,0,0.000497196,-0.000252527,4.65756e+06,-26451.1,0,4.65764e+06,-474972,4.64405e+06
ground,250,0.0214713,5,0.00127346,1151,14,0.00119647,-0.000814006,0,0.00144712,-0.00105888,675258,-5.74649e+06,0,5.78603e+06,-1.37691e+07,1.66802e+07
ground,251,0.00517396,5,4.89272e-05,1159,14,0.00015884,0.000222346,0,0.000273254,-0.0012348,-2.1607e+06,6.13921e+06,0,6.50834e+06,-4.06689e+07,3.82945e+07
ground,252,0.0186682,5,0.000285448,1161,14,0.000265498,0.000399252,0,0.000479469,-0.000454599,-57309.2,6.47968e+06,0,6.47994e+06,-1.15781e+07,1.56276e+07
ground,253,0.00433129,5,0.000408372,1163,14,0.000566149,9.8738e-06,0,0.000566235,-0.000298167,4.64517e+06,64381.7,0,4.64562e+06,-567963,4.69142e+06
ground,254,0.00404135,5,2.22772e-05,1167,14,0.000158318,-4.66199e-05,0,0.000165039,-0.000111146,4.1538e+06,-1.18756e+06,0,4.32022e+06,-2.71524e+06,6.31617e+06
ground,255,0.00431023,5,4.53779e-05,1173,14,0.000194272,4.96645e-06,0,0.000194335,-0.00104886,-12940.1,136339,0,136952,-3.41741e+07,3.20942e+07
ground,256,0.00467365,5,2.95226e-05,1174,14,0.000178202,-5.67325e-06,0,0.000178292,-0.00103675,-29650.3,-159034,0,161774,-3.41546e+07,3.21034e+07
ground,257,0.125593,5,0.000164519,1180,14,0.000305766,0.000118405,0,0.000327891,-0.000653484,2.01375e+06,2.48762e+06,0,3.20054e+06,-1.82014e+07,1.89667e+07
ground,258,0.00378945,5,0.000336141,1182,14,0.000481472,7.5019e-05,0,0.000487282,-0.0002414,4.48375e+06,871664,0,4.56769e+06,-374228,4.66507e+06
ground,259,0.137977,5,9.4438e-05,1186,14,0.000242623,7.38505e-05,0,0.000253613,-0.000673766,1.89371e+06,1.78618e+06,0,2.60319e+06,-2.03701e+07,2.06601e+07
ground,260,0.0046824,5,0.000613484,1190,14,0.000654729,-0.000363754,0,0.000748991,-0.000328059,3.92442e+06,-1.8151e+06,0,4.32385e+06,-253868,4.99219e+06
ground,261,0.00496197,5,0.000466292,1192,14,0.000345196,0.000511035,0,0.000616698,-0.000296476,709727,5.21207e+06,0,5.26017e+06,-5.72669e+06,1.07744e+07
ground,262,0.00454524,5,0.000669378,1196,14,0.00078214,0.000271287,0,0.000827852,-0.000206381,4.92642e+06,315786,0,4.93653e+06,3.91417e+06,1.12958e+06
ground,263,0.00535892,5,3.90508e-05,1199,14,0.000153008,-0.000207431,0,0.000257758,-0.00120412,-1.9378e+06,-5.78788e+06,0,6.10366e+06,-3.98347e+07,3.75426e+07
ground,264,0.00432245,5,4.74942e-05,1201,14,0.000196324,-8.38982e-06,0,0.000196503,-0.00105238,-21881.5,-230110,0,231148,-3.424e+07,3.21465e+07
ground,265,0.00479378,5,6.10154e-05,1202,14,0.000210025,7.34455e-06,0,0.000210153,-0.00106348,-13292.8,196863,0,197312,-3.42842e+07,3.21624e+07
ground,266,0.0870535,5,1.34933e-05,1203,14,0.000150283,0.000114407,0,0.000188875,-0.00076609,868749,3.26612e+06,0,3.37969e+06,-2.53099e+07,2.50581e+07
ground,267,0.0787031,5,9.62976e-05,1204,14,0.000231981,-0.00012794,0,0.000264922,-0.000639047,1.714e+06,-3.04568e+06,0,3.49485e+06,-1.92724e+07,1.99939e+07
ground,268,0.0388728,5,0.000108087,1209,14,0.000191826,-0.000227129,0,0.000297295,-0.000488663,1.08635e+06,-5.17608e+06,0,5.28885e+06,-1.43634e+07,1.68393e+07
ground,269,0.00477438,5,7.20435e-05,1212,14,0.00022098,-1.42349e-05,0,0.000221438,-0.00107669,-32714.5,-376471,0,377890,-3.44618e+07,3.22962e+07
ground,270,0.00450952,5,8.50091e-05,1213,14,0.000233902,1.71847e-05,0,0.000234533,-0.00109499,-68956.3,452388,0,457613,-3.47673e+07,3.25327e+07
ground,271,0.0273054,5,0.000130835,1216,14,0.000253457,0.000184916,0,0.000313743,-0.00083882,553486,4.34832e+06,0,4.3834e+06,-2.52693e+07,2.51886e+07
ground,272,0.00815523,5,0.00157972,1219,14,0.00128408,0.00113736,0,0.00171535,-0.000860024,1.45094e+06,4.76152e+06,0,4.97768e+06,-7.80103e+06,1.17372e+07
ground,273,0.00736467,5,0.000323527,1220,14,0.000480676,1.17865e-05,0,0.000480821,-0.000201003,4.77447e+06,122707,0,4.77604e+06,559266,3.88204e+06
ground,274,0.200899,5,7.5164e-06,1226,14,0.000158135,3.70104e-05,0,0.000162409,-0.00061403,1.99706e+06,1.06498e+06,0,2.26328e+06,-2.03201e+07,2.05845e+07
ground,275,0.00448338,5,0.000102306,1231,14,0.000250988,-2.47588e-05,0,0.000252206,-0.00111974,-123650,-637442,0,649324,-3.51861e+07,3.28611e+07
ground,276,0.00482711,5,0.000113475,1232,14,0.000262661,1.83759e-05,0,0.000263303,-0.00111872,-60116.6,462179,0,466072,-3.48765e+07,3.25836e+07
ground,277,0.00439855,5,0.000432445,1236,14,0.000592641,3.55956e-06,0,0.000592652,-0.000301883,4.68094e+06,-13031,0,4.68095e+06,-271857,4.45416e+06
ground,278,0.108371,5,4.03186e-05,1238,14,0.000184547,8.47401e-05,0,0.000203072,-0.000639117,1.77863e+06,2.27418e+06,0,2.88711e+06,-2.04407e+07,2.08183e+07
ground,279,0.00479568,5,4.86112e-06,1239,14,0.000152983,-7.32987e-06,0,0.000153159,-0.00103338,-148928,-212951,0,259861,-3.46657e+07,3.25732e+07
ground,280,0.004042,5,0.000187414,1245,14,0.000303118,0.000119794,0,0.000325931,-9.44523e-05,4.36155e+06,1.25313e+06,0,4.53801e+06,693193,4.16099e+06
ground,281,0.0039819,5,0.000155471,1246,14,0.000303679,3.85003e-05,0,0.00030611,-0.00119712,-297613,938220,0,984292,-3.65263e+07,3.39129e+07
ground,282,0.0041298,5,0.000129243,1247,14,0.000277623,-3.13069e-05,0,0.000279382,-0.0011636,-233496,-781812,0,815935,-3.60211e+07,3.35217e+07
ground,283,0.0160312,5,0.000510522,1256,14,0.000513897,-0.000487905,0,0.000708619,-0.000796609,-330691,-6.92416e+06,0,6.93205e+06,-1.81173e+07,2.0591e+07
ground,284,0.00433673,5,0.00100617,1262,14,0.000355751,0.0008613,0,0.000931878,0.000303376,4.06791e+06,892572,0,4.16468e+06,4.18059e+06,1.71252e+06
ground,285,0.017385,5,0.000340399,1269,14,0.00035941,-0.000368716,0,0.000514905,-0.000476404,1.03567e+06,-5.30756e+06,0,5.40766e+06,-1.06384e+07,1.41251e+07
ground,286,0.00473303,5,0.00037892,1271,14,0.000537558,-2.42344e-05,0,0.000538104,-0.000237586,4.77182e+06,-100490,0,4.77288e+06,524948,3.89739e+06
ground,287,0.00551405,5,1.36213e-06,1273,14,0.000144177,4.50003e-06,0,0.000144248,-9.23925e-05,4.40604e+06,130518,0,4.40797e+06,-2.47643e+06,6.00641e+06
ground,288,0.0277536,5,0.000154905,1274,14,0.000184719,-0.000278996,0,0.000334604,-0.00032337,819806,-5.43984e+06,0,5.50127e+06,-8.7217e+06,1.28779e+07
ground,289,0.00616615,5,0.00123664,1280,14,0.00111332,0.000845949,0,0.00139825,-0.000892107,1.37512e+06,4.91071e+06,0,5.09961e+06,-1.0712e+07,1.39265e+07
ground,290,0.0442623,5,0.000104675,1281,14,0.00015949,-0.000260055,0,0.000305066,-0.000435849,550654,-5.89646e+06,0,5.92212e+06,-1.29961e+07,1.62293e+07
ground,291,0.00691388,5,6.3933e-05,1287,14,0.000128936,0.000245618,0,0.000277403,-0.000478669,293520,6.19888e+06,0,6.20582e+06,-1.50288e+07,1.7918e+07
ground,292,0.0040056,5,0.000127708,1288,14,0.000272843,-6.8602e-05,0,0.000281336,-0.00120076,-509695,-1.71453e+06,0,1.78868e+06,-3.73453e+07,3.46759e+07
ground,293,0.0167481,5,0.000395886,1292,14,0.000349644,-0.000411304,0,0.000539836,-0.000277407,1.45423e+06,-4.47069e+06,0,4.70127e+06,-4.54656e+06,9.39829e+06
ground,294,0.0621586,5,2.23289e-05,1293,14,0.000172839,-3.98356e-05,0,0.000177371,-0.000721452,1.52736e+06,-1.11732e+06,0,1.89241e+06,-2.36039e+07,2.33291e+07
ground,295,0.00589004,5,8.10523e-05,1295,14,0.000215747,-0.000130865,0,0.000252334,-0.00120985,-1.07365e+06,-3.46845e+06,0,3.63082e+06,-3.88694e+07,3.62089e+07
ground,296,0.00413699,5,0.000440826,1299,14,0.000600033,1.32062e-05,0,0.000600178,-0.000320116,4.63461e+06,148919,0,4.637e+06,-619732,4.71305e+06
ground,297,0.00397652,5,0.000177976,1305,14,0.000324027,6.88575e-05,0,0.000331262,-0.00123423,-446646,1.64164e+06,0,1.70131e+06,-3.72593e+07,3.45313e+07
ground,298,0.00431169,5,0.00014188,1309,14,0.000278203,0.00013138,0,0.000307664,-0.00125805,-979348,3.25401e+06,0,3.39819e+06,-3.90208e+07,3.62089e+07
ground,299,0.072503,5,0.000152541,1311,14,0.000289768,-0.000130913,0,0.000317968,-0.000639079,1.94131e+06,-2.8034e+06,0,3.40995e+06,-1.80229e+07,1.88947e+07
ground,300,0.0313833,5,0.000106508,1320,14,0.000162131,-0.000248386,0,0.000296618,-0.000384845,804156,-5.57771e+06,0,5.63538e+06,-1.11768e+07,1.46949e+07
ground,301,0.00420109,5,6.7137e-06,1323,14,0.000154709,-1.34089e-05,0,0.000155289,-0.00103374,-142535,-388521,0,413841,-3.46249e+07,3.2538e+07
ground,302,0.0111727,5,0.00132164,1324,14,0.00121271,0.000855258,0,0.00148396,-0.000953372,1.37148e+06,4.91589e+06,0,5.10362e+06,-1.04616e+07,1.37465e+07
ground,303,0.0233123,5,0.000478913,1326,14,0.000443804,0.000462064,0,0.000640675,-0.000438425,1.22379e+06,5.00899e+06,0,5.15632e+06,-8.13971e+06,1.21542e+07
ground,304,0.112661,5,9.41489e-05,1327,14,0.000219521,0.00016417,0,0.000274119,-0.000739753,961561,4.04117e+06,0,4.154e+06,-2.26884e+07,2.30386e+07
ground,305,0.00881823,5,0.0012138,1332,14,0.00121505,0.000702726,0,0.00140363,-0.00130433,174896,6.05248e+06,0,6.05501e+06,-2.08237e+07,2.20933e+07
ground,306,0.00438453,5,7.74541e-05,1333,14,0.000196985,-0.000196824,0,0.000278465,-0.00118409,-1.45955e+06,-5.23616e+06,0,5.43578e+06,-3.82288e+07,3.60287e+07
ground,307,0.117509,5,1.5175e-06,1335,14,0.000153269,1.55781e-05,0,0.000154059,-0.000722157,1.49085e+06,454402,0,1.55856e+06,-2.41274e+07,2.37528e+07
ground,308,0.00812787,5,8.48241e-05,1337,14,9.46311e-05,0.000324648,0,0.000338159,-0.000499672,-1.29767e+06,7.94378e+06,0,8.04907e+06,-1.58665e+07,1.9698e+07
ground,309,0.00686744,5,1.03392e-05,1339,14,0.00015819,4.56934e-05,0,0.000164657,-0.000953377,258313,1.31576e+06,0,1.34087e+06,-3.18083e+07,3.02187e+07
ground,310,0.0658586,5,9.55416e-05,1340,14,0.000248755,-1.9345e-05,0,0.000249506,-0.000804377,1.43219e+06,-448835,0,1.50087e+06,-2.47036e+07,2.4161e+07
ground,311,0.00527142,5,0.000429499,1347,14,0.00059146,1.11781e-05,0,0.000591566,-0.000282573,4.71421e+06,150687,0,4.71661e+06,78854,4.14681e+06
ground,312,0.00863894,5,0.000139876,1348,14,0.000285403,9.51412e-05,0,0.000300843,-0.000968135,603777,2.2465e+06,0,2.32622e+06,-2.92433e+07,2.80243e+07
ground,313,0.00338942,5,0.000334887,1351,14,0.000473755,-0.000116304,0,0.000487822,-0.000165758,4.72596e+06,-645585,0,4.76985e+06,1.25384e+06,3.41833e+06
ground,314,0.0109154,5,0.000348616,1359,14,0.00046404,0.000246723,0,0.000525553,-0.000907605,784423,4.49212e+06,0,4.56009e+06,-2.29436e+07,2.32368e+07
ground,315,0.00534272,5,0.000432327,1361,14,0.000580169,9.13258e-05,0,0.000587313,-0.000366725,4.33338e+06,736499,0,4.39552e+06,-2.36107e+06,5.98436e+06
ground,316,0.0193196,5,0.00106014,1365,14,0.000946544,-0.000755273,0,0.00121094,-0.000707849,1.76208e+06,-4.43372e+06,0,4.77104e+06,-7.91179e+06,1.15932e+07
ground,317,0.0055123,5,0.000338329,1368,14,0.000494126,-1.04164e-05,0,0.000494236,-0.000236044,4.70301e+06,-99319.1,0,4.70406e+06,-75859.8,4.36683e+06
ground,318,0.00470849,5,0.000329993,1371,14,0.000488938,1.8744e-06,0,0.000488942,-0.000167216,4.87353e+06,78187,0,4.87416e+06,1.45456e+06,3.17139e+06
ground,319,0.00328828,5,0.000492943,1374,14,0.00065537,-2.42005e-06,0,0.000655375,-0.000331092,4.72078e+06,-3375.54,0,4.72078e+06,59450.4,4.23945e+06
ground,320,0.00532214,5,7.14328e-05,1379,14,8.58609e-05,-0.000385212,0,0.000394665,-0.000872482,-3.2308e+06,-1.01466e+07,0,1.06486e+07,-2.85457e+07,3.03353e+07
ground,321,0.00952134,5,3.04383e-05,1386,14,0.000172369,-1.99549e-05,0,0.00017352,-6.27418e-05,4.56309e+06,-466463,0,4.58687e+06,-890729,4.97615e+06
ground,322,0.00530805,5,0.000686818,1389,14,0.000852668,1.87321e-05,0,0.000852874,-0.000532913,4.44445e+06,90277,0,4.44536e+06,-2.18007e+06,5.78781e+06
ground,323,0.115861,5,7.98921e-05,1395,14,0.000197313,0.000174536,0,0.000263429,-0.000642027,1.15545e+06,4.34353e+06,0,4.49459e+06,-1.97463e+07,2.07437e+07
ground,324,0.0033538,5,0.00045007,1396,14,0.000610039,-5.622e-06,0,0.000610065,-0.000312711,4.69074e+06,-3501.14,0,4.69074e+06,-196488,4.43242e+06
ground,325,0.00509194,5,0.000359554,1405,14,0.000515786,7.28802e-06,0,0.000515837,-0.000266052,4.64625e+06,-1715.92,0,4.64625e+06,-566307,4.68935e+06
ground,326,0.0252061,5,0.000891735,1407,14,0.000846627,0.000619392,0,0.00104901,-0.000678101,1.9931e+06,4.16568e+06,0,4.61793e+06,-8.46549e+06,1.18291e+07
ground,327,0.0864276,5,0.000102981,1410,14,0.000227123,0.000152816,0,0.000273747,-0.00053225,1.91739e+06,3.55417e+06,0,4.03838e+06,-1.56148e+07,1.71514e+07
ground,328,0.00522015,5,0.000605162,1414,14,0.000382419,0.000600341,0,0.000711796,-0.000166064,1.47688e+06,4.01913e+06,0,4.28189e+06,-1.92666e+06,7.56153e+06
ground,329,0.025546,5,8.14389e-05,1421,14,0.000226036,-9.32481e-05,0,0.000244515,-0.000786989,1.22317e+06,-2.35918e+06,0,2.65741e+06,-2.44921e+07,2.41658e+07
ground,330,0.0190869,5,1.30877e-05,1425,14,0.000158073,-7.53593e-05,0,0.000175118,-0.000928185,294354,-2.16014e+06,0,2.1801e+06,-3.09039e+07,2.95379e+07
ground,331,0.102877,5,9.72717e-06,1430,14,0.000152011,-8.4778e-05,0,0.000174053,-0.000572269,1.94189e+06,-2.42531e+06,0,3.10694e+06,-1.88657e+07,1.95511e+07
ground,332,0.0281422,5,0.000392568,1433,14,0.000492786,0.000294558,0,0.00057411,-0.000899676,687580,4.90621e+06,0,4.95416e+06,-2.20289e+07,2.26644e+07
ground,333,0.00514777,5,2.71035e-05,1435,14,5.53292e-05,0.000338112,0,0.000342609,-0.00075606,-2.6062e+06,9.45841e+06,0,9.81091e+06,-2.53408e+07,2.75974e+07
ground,334,0.00618227,5,7.75693e-05,1439,14,0.000113372,0.000316684,0,0.000336366,-0.000629048,-1.26653e+06,8.00876e+06,0,8.10829e+06,-2.00831e+07,2.2762e+07
ground,335,0.00372152,5,2.73e-06,1440,14,0.000150885,-9.21516e-07,0,0.000150888,-0.00102963,-138142,-26853.7,0,140728,-3.45883e+07,3.25111e+07
ground,336,0.0105266,5,0.000435832,1450,14,0.000490205,0.000390466,0,0.000626709,-0.000819291,302863,5.97466e+06,0,5.98233e+06,-1.93441e+07,2.10111e+07
ground,337,0.00809194,5,0.00133424,1454,14,0.00104936,0.00102343,0,0.00146579,-0.000696984,1.33989e+06,4.81767e+06,0,5.00053e+06,-6.9747e+06,1.12179e+07
ground,338,0.00667347,5,1.00892e-05,1458,14,0.000106611,-0.000162781,0,0.000194586,-0.000349416,1.58994e+06,-4.61845e+06,0,4.88446e+06,-1.13724e+07,1.42595e+07
ground,339,0.0912936,5,0.000130993,1460,14,0.000259083,-0.000164871,0,0.000307094,-0.000802616,887664,-3.85718e+06,0,3.95801e+06,-2.39598e+07,2.39927e+07
ground,340,0.00433852,5,3.30104e-06,1462,14,0.000151494,-7.44125e-06,0,0.000151677,-0.00102744,-124858,-216665,0,250066,-3.45024e+07,3.24395e+07
ground,341,0.124039,5,1.05111e-05,1466,14,0.0001624,1.96681e-05,0,0.000163586,-0.000698906,1.63592e+06,563485,0,1.73024e+06,-2.31275e+07,2.29091e+07
ground,342,0.00370788,5,0.000670185,1467,14,0.000836371,-7.17442e-05,0,0.000839442,-0.000388113,4.82225e+06,-410865,0,4.83972e+06,1.46855e+06,3.21788e+06
ground,343,0.00434416,5,3.98899e-06,1472,14,0.000151302,-2.6599e-05,0,0.000153622,-0.00104095,-213483,-773762,0,802672,-3.49409e+07,3.28176e+07
ground,344,0.022992,5,0.000421606,1473,14,0.000434499,0.000408719,0,0.000596524,-0.000536014,1.02254e+06,5.33281e+06,0,5.42996e+06,-1.13105e+07,1.46351e+07
ground,345,0.00415586,5,5.23248e-06,1474,14,0.000153535,-4.54472e-06,0,0.000153602,-0.00102473,-97062.1,-131958,0,163811,-3.43578e+07,3.23144e+07
ground,346,0.124511,5,4.03838e-06,1475,14,0.000124621,0.000155499,0,0.000199275,-0.000646424,886514,4.51159e+06,0,4.59786e+06,-2.14986e+07,2.22619e+07
ground,347,0.00422485,5,0.000210034,1476,14,0.00035642,-3.98598e-05,0,0.000358642,-0.000203005,4.48533e+06,-404841,0,4.50356e+06,-1.63106e+06,5.44784e+06
ground,348,0.00753871,5,0.000802187,1477,14,0.000825203,0.000533058,0,0.000982401,-0.000916476,893546,5.35091e+06,0,5.425e+06,-1.60368e+07,1.81524e+07
ground,349,0.0197239,5,0.00038271,1479,14,0.000515504,-0.000206202,0,0.000555214,-0.0010186,790871,-3.53364e+06,0,3.62106e+06,-2.57881e+07,2.53252e+07
ground,350,0.0153666,5,0.000298967,1480,14,0.000424294,-0.000210316,0,0.00047356,-0.000889774,965128,-3.87209e+06,0,3.99056e+06,-2.33875e+07,2.34709e+07
ground,351,0.00424854,5,9.73186e-06,1481,14,0.000157898,6.24179e-06,0,0.000158021,-0.00103687,-139295,180088,0,227672,-3.4658e+07,3.25576e+07
ground,352,0.0120186,5,0.000427791,1482,14,0.000564962,0.000196579,0,0.000598185,-0.00121525,159898,3.37117e+06,0,3.37496e+06,-3.12174e+07,2.96557e+07
ground,353,0.0185266,5,0.000433135,1483,14,0.000570672,-0.000197424,0,0.000603857,-0.0010938,733013,-3.15725e+06,0,3.24122e+06,-2.71285e+07,2.63154e+07
ground,354,0.00615485,5,0.000423096,1486,14,0.000556725,0.000137882,0,0.000573546,-0.000147112,4.80454e+06,622237,0,4.84467e+06,2.85639e+06,2.19641e+06
ground,355,0.00550171,5,2.89688e-05,1490,14,9.78488e-05,-0.000226465,0,0.0002467,-0.000446058,323144,-6.167e+06,0,6.17546e+06,-1.45126e+07,1.75204e+07
ground,356,0.00780778,5,0.000657777,1496,14,0.000848047,-7.72358e-05,0,0.000851557,-0.000177043,4.8827e+06,-81138.7,0,4.88337e+06,4.45207e+06,445549
ground,357,0.111172,5,8.22442e-05,1497,14,0.000185654,-0.000203264,0,0.000275289,-0.000611585,891811,-5.04081e+06,0,5.11909e+06,-1.87802e+07,2.02271e+07
ground,358,0.00607215,5,0.000666224,1499,14,0.000793139,0.000289236,0,0.000844231,-0.00141472,-234423,4.14625e+06,0,4.15288e+06,-3.28682e+07,3.10739e+07
ground,359,0.00413397,5,8.36163e-06,1501,14,0.000156083,1.54813e-05,0,0.000156848,-0.001049,-220344,447594,0,498890,-3.51078e+07,3.29399e+07
ground,360,0.0036066,5,8.34941e-06,1504,14,0.000156287,-1.44117e-05,0,0.00015695,-0.00103765,-155668,-416636,0,444767,-3.47171e+07,3.26127e+07
ground,361,0.0269296,5,0.000366212,1508,14,0.000389022,-0.000405928,0,0.000562242,-0.000668855,184491,-6.30823e+06,0,6.31092e+06,-1.64512e+07,1.90235e+07
ground,362,0.00628289,5,1.07492e-05,1510,14,0.000156845,6.48176e-05,0,0.000169711,-0.000940109,266271,1.86496e+06,0,1.88387e+06,-3.1355e+07,2.98855e+07
ground,363,0.0263921,5,0.000426015,1516,14,0.000429047,0.000415091,0,0.000596977,-0.000497527,1.11001e+06,5.21374e+06,0,5.33059e+06,-1.01689e+07,1.37276e+07
ground,364,0.118594,5,8.97376e-05,1518,14,0.000240795,5.21244e-05,0,0.000246372,-0.000718395,1.75447e+06,1.28241e+06,0,2.17319e+06,-2.19546e+07,2.19222e+07
ground,365,0.0186547,5,0.000156699,1521,14,0.000237067,-0.000247511,0,0.000342728,-0.000507499,1.1382e+06,-5.10944e+06,0,5.23468e+06,-1.42251e+07,1.67051e+07
ground,366,0.0102432,5,0.00138243,1523,14,0.00101956,0.00107923,0,0.00148467,-0.000546224,2.02661e+06,3.89093e+06,0,4.38708e+06,-3.63228e+06,8.35282e+06
ground,367,0.00559104,5,3.69411e-05,1525,14,3.24626e-05,0.000402708,0,0.000404014,-0.000870465,-4.16853e+06,1.11688e+07,0,1.19214e+07,-2.92498e+07,3.15463e+07
ground,368,0.00567309,5,3.16023e-05,1526,14,5.82734e-05,0.000317231,0,0.000322539,-0.000622166,-1.93312e+06,8.74437e+06,0,8.9555e+06,-2.07185e+07,2.37394e+07
ground,369,0.00391895,5,0.000446267,1529,14,0.000606334,4.65497e-06,0,0.000606352,-0.000299387,4.72695e+06,59982.3,0,4.72733e+06,116936,4.22106e+06
ground,370,0.00407238,5,8.30105e-06,1531,14,0.000156633,4.31404e-06,0,0.000156693,-0.00102669,-90128,124710,0,153869,-3.43454e+07,3.22985e+07
ground,371,0.00672173,5,0.00025026,1532,14,0.000309608,-0.00034039,0,0.000460133,-0.000795584,-267261,-6.59939e+06,0,6.6048e+06,-2.21439e+07,2.34534e+07
ground,372,0.00391573,5,4.2518e-06,1541,14,0.000151535,-2.27953e-05,0,0.00015324,-0.00105243,-271292,-662902,0,716267,-3.53288e+07,3.31375e+07
ground,373,0.00587283,5,0.000696504,1543,14,0.000307674,0.000885525,0,0.000937453,-0.000534818,-4.50537e+06,1.0312e+07,0,1.12532e+07,-1.43312e+07,2.08418e+07
ground,374,0.00382252,5,1.10729e-05,1547,14,0.000159297,8.41035e-06,0,0.000159518,-0.00103354,-113836,242187,0,267606,-3.45089e+07,3.24313e+07
ground,375,0.00595008,5,5.34227e-05,1548,14,0.000104514,-0.000307368,0,0.000324651,-0.000735585,-1.53353e+06,-8.20393e+06,0,8.34603e+06,-2.39984e+07,2.58236e+07
ground,376,0.00784081,5,3.00292e-05,1552,14,3.56758e-05,-0.000277753,0,0.000280034,-0.000351718,-1.21647e+06,-7.51577e+06,0,7.61358e+06,-1.17264e+07,1.65981e+07
ground,377,0.0112581,5,0.000280158,1554,14,0.000293765,0.000389971,0,0.000488237,-0.000617153,-468654,7.09414e+06,0,7.10961e+06,-1.62761e+07,1.93781e+07
ground,378,0.00636425,5,0.000161607,1561,14,0.000203117,0.000236156,0,0.00031149,-0.00019709,2.12859e+06,3.87788e+06,0,4.42366e+06,-4.419e+06,8.83313e+06
ground,379,0.00781387,5,0.000300681,1567,14,0.00039316,-0.000295457,0,0.000491803,-0.00090182,233547,-5.42729e+06,0,5.43232e+06,-2.41694e+07,2.4544e+07
ground,380,0.00455262,5,0.000168383,1572,14,0.000297713,-8.77695e-05,0,0.000310381,-5.42466e-05,4.58025e+06,-945716,0,4.67686e+06,1.5172e+06,3.40421e+06
ground,381,0.0115073,5,0.000435736,1573,14,0.00046228,0.000406894,0,0.000615845,-0.000622099,923072,5.43488e+06,0,5.51271e+06,-1.35514e+07,1.63527e+07
ground,382,0.0165526,5,0.000429967,1577,14,0.000499526,0.000363913,0,0.000618028,-0.000845466,493013,5.58429e+06,0,5.60601e+06,-2.00864e+07,2.14116e+07
ground,383,0.00631571,5,0.000117329,1579,14,6.00369e-05,-0.000423694,0,0.000427926,-0.000580462,-3.40783e+06,-1.00647e+07,0,1.0626e+07,-1.86585e+07,2.32747e+07
