time,invert_disp_y,invert_plastic_strain,invert_stress_vm,left_disp_x,left_plastic_strain,left_stress_vm,max_compressive_yy_concrete,max_compressive_yy_ground,max_plastic_strain_soil,max_principal_stress_concrete,max_settlement_y,max_tensile_yy_concrete,max_vm_concrete,max_vm_ground,right_disp_x,right_plastic_strain,right_stress_vm,top_disp_y,top_plastic_strain,top_stress_vm
0,0,0,0,0,0,0,0,0,0,0,0,0,0,0,0,0,0,0,0,0
0.05,-0.0043337660311747,0,23209.362661414,-1.0349340306826e-06,0,6737.6156505669,-21889.763793564,-31455.5517548,0,24485.463881498,-0.0045008822924431,12402.55336841,23444.100667996,17974.614591942,1.6240611965332e-06,0,6712.9593914913,-0.0043377141734456,0,9419.2268685687
0.11,-0.0095326822990253,0,50626.726428031,3.0804029944192e-06,0,14824.316718374,-47278.940231818,-69190.081617206,0,53472.700057739,-0.0099007717577266,26890.946167696,51201.165685849,39537.219406389,8.8912873896045e-06,0,14660.535014685,-0.0095413014733124,0,20714.251334053
0.182,-0.015769428909339,0,83856.179561835,3.1661141002042e-06,0,24304.811627126,-78127.304856701,-114453.81520491,0,88558.053090424,-0.01637893517432,44334.71286747,84800.118801936,65402.229059992,1.2738449042131e-05,0,24115.778550642,-0.015783670550442,0,34213.073369889
0.2684,-0.023251471485578,0,124892.78050367,-1.8382549769347e-07,0,35832.350084182,-115804.33728016,-168745.19475132,0,130567.50515953,-0.024150360976754,65755.099025946,125052.64256108,96425.89855235,1.3967872921045e-05,0,35868.674135727,-0.023272545024601,0,50497.694803976
0.37208,-0.032226970028111,0,172545.70324584,-2.2006394638667e-06,0,49921.332157298,-160178.7409451,-233859.31178909,-3.6329995236332e-05,180868.18240442,-0.033472627101734,90880.752416979,173217.87669174,133633.99345932,1.7421859537389e-05,0,49667.818301433,-0.032256149823958,0,70023.980726655
0.434288,-0.037610049917322,0,200786.38116516,-3.5807904105004e-06,0,58046.708602631,-186433.28600357,-272908.59535762,-8.9175012294462e-05,210678.72867372,-0.039064138639687,105719.15031111,201765.11053961,155947.8865827,1.9287868485981e-05,0,57944.438215819,-0.037644052009546,0,81779.11002665
0.496496,-0.042991927192278,0,229263.05068438,-4.6276969895532e-06,0,66379.716884285,-212987.31138916,-311943.68431858,-0.00015596415280971,240717.65404096,-0.044654280405526,120692.05978376,230525.23470933,178253.66846545,2.1509760481341e-05,0,66215.407542787,-0.043030780002569,0,93489.078253271
0.4988288,-0.043193356480547,0,230203.02921716,-4.7988910217587e-06,0,66633.581924625,-213853.68509,-313407.23183755,-0.00020082229518834,241715.5800104,-0.044863854975768,121173.52881086,231483.07114465,179089.98189209,2.1443579672227e-05,0,66434.126605764,-0.043232371048811,0,93901.793723257
0.5011616,-0.043394910572012,0,231111.19587023,-4.9223986422297e-06,0,66880.805162852,-214690.12326741,-314870.74957337,-0.00023250572773191,242695.02666468,-0.045073438593234,121734.68725064,232420.34456151,179926.27831006,2.142275278439e-05,0,66633.829841087,-0.04343408525662,0,94310.117779164
0.50396096,-0.043636911549064,0,232296.23991241,-5.0258706297858e-06,0,67217.005196764,-215791.11400362,-316626.94395036,-0.00025677632511245,243953.39821922,-0.045324946318948,122473.30776378,233625.44598744,180929.8186631,2.1452864386692e-05,0,66937.600696151,-0.043676290297485,0,94815.43836382
0.507320192,-0.043927390589287,0,233785.80124476,-5.0922513444393e-06,0,67644.313358666,-217187.40887806,-318734.34121384,-0.00027662053255137,245528.99933757,-0.045626757760968,123262.7309196,235134.14595915,182134.04654461,2.1557042727931e-05,0,67359.518693423,-0.043967024482016,0,95438.445161012
0.5113512704,-0.044276001294903,0,235604.12100839,-5.16168405349e-06,0,68170.228020495,-218889.1771701,-321263.16413646,-0.00029375023350912,247444.71758604,-0.045988929727826,124217.56653552,236968.35786141,183579.08927708,2.169653110768e-05,0,67886.091413981,-0.044315945807719,0,96192.81737162
0.51618856448,-0.044694352463263,0,237805.8718616,-5.2903331386965e-06,0,68807.067027609,-220947.38211088,-324297.67308718,-0.00030934594062963,249766.67207602,-0.046423530575422,125377.06844179,239191.8022076,185313.09567322,2.1820443177165e-05,0,68525.613944353,-0.044734672283969,0,97100.776009834
0.521993317376,-0.045196379102694,0,240433.32025777,-5.3873966213396e-06,0,69582.700676215,-223414.21887091,-327938.97108724,-0.00032431305611395,252550.34991917,-0.04694504218033,126766.23488748,241857.08466099,187393.8389316,2.2027281237106e-05,0,69294.829896101,-0.045237149247503,0,98192.284962487
0.5289590208512,-0.045798803284991,0,243610.32109615,-5.5913357812121e-06,0,70510.85099344,-226382.35900133,-332308.36575245,-0.00033940852109558,255901.45845013,-0.047570841616215,128433.13768286,245065.98417125,189890.63774032,2.2188201406807e-05,0,70218.892091571,-0.045840114905587,0,99502.17523912
0.53731786502144,-0.046521697605086,0,247419.54033132,-5.7362356904041e-06,0,71621.640528249,-229939.1973475,-337530.59357627,-0.00035532387659111,259919.67135411,-0.048321779092381,130434.36901361,248914.04365859,192855.44454805,2.2480929735101e-05,0,71325.934090451,-0.046563658234532,0,101073.4261605
