time,invert_disp_y,invert_plastic_strain,invert_stress_vm,left_disp_x,left_plastic_strain,left_stress_vm,max_compressive_yy_concrete,max_compressive_yy_ground,max_compressive_yy_interface,max_plastic_strain_soil,max_principal_stress_concrete,max_settlement_y,max_tensile_yy_concrete,max_vm_concrete,max_vm_ground,max_vm_interface,right_disp_x,right_plastic_strain,right_stress_vm,top_disp_y,top_plastic_strain,top_stress_vm
0,0,0,0,0,0,0,0,0,0,0,0,0,0,0,0,0,0,0,0,0,0,0
2,-0.081019681269473,0,60080.311103774,0.00020545040514526,0,48569.318352645,-763412.20111813,-620504.92018628,-33766.124706228,-0.0025462950662256,730669.69189828,-0.087593112668991,445568.57847806,776173.42692516,342067.68212638,40995.742898446,-0.00020349665187156,0,47684.179348627,-0.082507294109707,0,23800.604301947
4,-0.081116227725912,0,60789.821138632,0.00020123638818166,0,49191.820401901,-786784.03660497,-620753.42451924,-34728.803495534,-0.0025462950662256,757324.15280362,-0.087622135723197,457445.95000375,805959.93120815,342198.71783628,40456.533918458,-0.00019925934901971,0,48324.843567593,-0.082626728142754,0,24421.400434376
6,-0.08121343003828,0,61484.027713797,0.0001968864169871,0,49791.105207633,-814253.13973245,-620996.34290879,-35800.569211732,-0.0025462950662256,775504.80195482,-0.087652543790521,462410.46323292,829110.09509874,342326.80812531,39018.359915217,-0.00019489604669617,0,48944.385900228,-0.082746908156242,0,25097.499191451
8,-0.081309971563264,0,62169.727945136,0.00019247826636586,0,50380.093444865,-850408.60023453,-621234.28751988,-36954.059047926,-0.0025462950662256,788056.94349091,-0.087683270936821,472392.51288045,846753.56098203,342452.27584379,37481.978547616,-0.000190478517341,0,49554.406931131,-0.082866396695261,0,25805.031135802
10,-0.081405509129906,0,62845.732572318,0.00018806564635363,0,50963.457557503,-890104.03255929,-621470.52051416,-38132.965374203,-0.0025462950662256,799852.77138542,-0.08771425283044,485479.42654298,862398.00057038,342576.84110581,35953.416526485,-0.00018606855067448,0,50158.487247854,-0.082984609971607,0,26524.349058688
12,-0.081730211470077,0,65239.495226956,0.00017165534971591,0,53059.378055521,-995900.20732877,-622300.67219204,-42473.57804826,-0.0025563804956849,898747.56151053,-0.08782097084624,503421.64787992,948669.57850022,343014.5789364,29360.092393572,-0.00016966316157222,0,52332.834353105,-0.083389929245542,0,29190.134045887
14,-0.082335943413873,0,69613.188772395,0.00014082993632708,0,57064.200948642,-1173243.7495907,-623804.60111362,-52124.892413757,-0.0026473136987181,1093456.3300023,-0.088035038409989,525047.78459406,1114358.4402986,343807.59953917,42207.179952969,-0.000138682103465,0,56481.597530543,-0.084142485624223,0,34422.549707255
16,-0.082911528311605,0,73698.287002177,0.00011203591765979,0,60977.670758618,-1335399.2455104,-625338.83307552,-75123.218782439,-0.0027458528581684,1265130.1795441,-0.088725656578472,547971.37113814,1263154.2561952,344616.59897502,62692.448023908,-0.00010972121098906,0,60511.524479131,-0.084853489989656,0,39539.020123753
17,-0.1005839051327,0,122599.82655001,7.8542949196684e-05,0,109092.25950041,-3712164.8690369,-704637.56900092,-283045.77737589,-0.0027458528581684,2813762.8799664,-0.11100162925492,1297973.2920004,3234241.5813863,386430.80000633,240729.99151278,-7.6448601957965e-05,0,108986.30540255,-0.10415009847721,0,90918.128575176
