time,invert_disp_y,invert_plastic_strain,invert_stress_vm,left_disp_x,left_plastic_strain,left_stress_vm,max_compressive_yy_concrete,max_compressive_yy_ground,max_disp_x,max_plastic_strain_soil,max_principal_stress_concrete,max_settlement_y,max_tensile_yy_concrete,max_vm_concrete,max_vm_ground,min_disp_x,right_disp_x,right_plastic_strain,right_stress_vm,top_disp_y,top_plastic_strain,top_stress_vm
0,0,0,0,0,0,0,0,0,0,0,0,0,0,0,0,0,0,0,0,0,0,0
0.1,-0.0082765450283328,0,5154.7442057356,0,0,39586.375793794,-101921.31263272,-62573.017564742,6.4527988306572e-05,0,80914.104810632,-0.0088798576131808,-14.549242474866,134160.90297382,35755.650335293,-6.4523467995575e-05,0,0,39467.697513039,-0.0085165115940053,0,8479.9871515391
0.21,-0.017376859729834,0,10821.245975262,0,0,83121.642346816,-214010.54166192,-131361.35161686,0.00013548085400031,0,169898.09504101,-0.018643711600867,-30.542549195804,281705.17217614,75062.874796402,-0.00013546438330197,0,0,82873.171714771,-0.017880728178719,0,17805.605961647
0.331,-0.027382448997133,0,17059.131796108,0,0,131015.90814962,-337307.46677275,-206977.84701389,0.0002135595402012,0,267769.92182936,-0.02937916454115,-48.136544915057,443986.95788162,118271.86694887,-0.00021353376243177,0,0,130624.24753497,-0.028176581007064,0,28064.432285798
0.4641,-0.038382837414642,0,23923.505717728,0,0,183701.76613061,-472931.13829552,-290094.6344167,0.00029946233519209,-4.5818679119783e-07,375414.07316878,-0.04118236449301,-67.491009238765,622497.15827848,165766.6976942,-0.00029942595836067,0,0,183154.93446504,-0.039496221114653,0,39348.261192104
0.61051,-0.050515564854194,0,31480.698087422,0,0,241670.73181849,-622126.07855611,-381459.84458111,0.00039398557241503,-3.4206683057148e-05,493813.42788355,-0.054198230600955,-88.794357488238,818833.27329336,216019.27563428,-0.00039395392997795,0,0,240953.35220332,-0.051980102386814,0,51765.122036329
0.771561,-0.064073559999382,0,39805.896959084,0,0,305471.31335302,-786325.77743218,-481918.04927095,0.00049796911661355,-0.00011180695670379,624080.23320667,-0.068728018093161,-112.25437081992,1034888.1445682,268990.85896602,-0.00049794452778614,0,0,304571.95863763,-0.065924442897736,0,65428.916723591
0.9487171,-0.079134466289945,0,48971.045067091,0,0,375779.36995166,-967361.24819354,-592298.14789156,0.00061224215714866,-0.00020442912639402,767598.92413241,-0.084859594108749,-138.14681859682,1272962.9299192,327194.25460101,-0.00061216693280065,0,0,374648.87974992,-0.081410923277575,0,80479.54310734
1.14358881,-0.085998883925765,0,56043.915093322,0,0,434658.88002249,-1114613.2172256,-635645.56320696,0.00070625547279802,-0.00029385162742926,883789.43973098,-0.092910880761243,-186.00081789434,1466035.2048021,350051.33528379,-0.0007062670251018,0,0,433444.55167793,-0.088609025882636,0,93862.533560761
1.357947691,-0.089717961583067,0,62626.603859557,0,0,492185.36716039,-1256292.5420264,-652697.02952246,0.00079755579279488,-0.00037911588933205,995345.30433454,-0.097939309803788,-246.25559361101,1651560.4126393,359042.56928294,-0.00079768042805642,0,0,490957.083922,-0.092642650282069,0,107339.95286822
1.5937424601,-0.093814447344843,0,69785.933485888,0,0,555568.18633385,-1412540.3282218,-671449.18706326,0.00089808799263468,-0.00047791214009223,1118385.437743,-0.10347773588709,-312.60906810461,1856140.1556411,383745.53023746,-0.00089815826709509,0,0,554313.50092169,-0.09708601139826,0,122186.47716365
1.85311670611,-0.098326756607506,0,77522.016854966,0,0,625471.54474414,-1585128.7163153,-692071.52094632,0.0010085105748446,-0.00059181790048706,1254328.2828869,-0.10957908511544,-385.72426445329,2082098.9117692,424142.9987719,-0.0010086019109502,0,0,624163.93407599,-0.10198148712046,0,138552.17287765
2,-0.10088491937098,0,81913.358756746,0,0,665164.53975404,-1683218.3992121,-703748.08243095,0.0010710250478087,-0.00065659293426533,1331622.0732572,-0.11303876613018,-427.20123512713,2210516.7281973,445445.97452158,-0.0010711369027332,0,0,663807.65934738,-0.104757481435,0,147839.3332233
