time,crown_disp_y,crown_stress_yy,crown_vm_stress,invert_disp_y,invert_stress_yy,invert_vm_stress,left_wall_disp_x,left_wall_vm_stress,max_compressive_yy_concrete,max_compressive_yy_ground,max_disp_x,max_principal_stress_concrete,max_settlement_y,max_tensile_yy_concrete,max_vm_concrete,max_vm_ground,min_disp_x,right_wall_disp_x,right_wall_vm_stress,surface_disp_y
0,0,0,0,0,0,0,0,0,0,0,0,0,0,0,0,0,0,0,0,0
0.1,-0.0085165031960612,-5923.9315286868,8480.1137748395,-0.0082765267785968,-8993.8499897336,5154.2716058486,0,39587.433042622,-101924.54741659,-62572.995159376,6.4530299042672e-05,80917.374179755,-0.008879852644619,-14.550022848647,134166.39131265,35755.637520058,-6.4525144802344e-05,0,39468.441297138,-0.008879852644619
0.21,-0.017880737291996,-12438.303215368,17805.680102991,-0.017376864667899,-18888.171970798,10820.938210131,0,83121.693773847,-214011.4103169,-131361.37345643,0.00013547946459504,169899.38360623,-0.018643718462751,-30.54274169457,281706.368098,75062.887281878,-0.00013546335988239,0,82873.236814106,-0.018643718462751
0.331,-0.028176635395994,-19603.478947175,28062.826284671,-0.027382507747608,-29770.243713124,17053.883182211,0,131005.05693152,-337292.78196947,-206977.83814844,0.0002135269790525,267768.94629133,-0.029379164935192,-48.130237394165,443983.92680764,118271.8619713,-0.00021350020851475,0,130614.15210176,-0.029379164935192
0.4641,-0.039496374881651,-27484.099295499,39344.326647174,-0.038383014196543,-41739.314919078,23909.471411582,0,183670.06837877,-472882.8339117,-290094.60204256,0.00029935955066253,375409.38767865,-0.041182346571366,-67.469161633624,622460.1751859,165766.67944458,-0.00029932338788838,0,183121.44700378,-0.041182346571366
0.61051,-0.051941139684388,-36151.459961752,51751.849672981,-0.05047667627464,-54903.2413819,31449.542998563,0,241592.79736039,-622008.62190433,-381448.8818705,0.00039376304960277,493795.04874542,-0.054158824103866,-88.733094535523,818758.20305645,217968.60242847,-0.00039371800091122,0,240871.49022467,-0.054158824103866
0.771561,-0.065621971526224,-45684.104623969,65398.693963751,-0.063771358093468,-69380.76676856,39741.969883627,0,305297.57190082,-786016.12158595,-481848.90925242,0.00049758582280239,623997.55212208,-0.068424452081696,-112.11367912941,1034641.2950906,275339.47306381,-0.0004975255754149,0,304385.85863671,-0.068424452081696
0.9487171,-0.080660717347861,-56168.101485551,80406.761481015,-0.078385417139139,-85302.858843557,48861.983164821,0,375360.58542195,-966391.96082613,-592180.53060408,0.00061177466295623,767192.77378556,-0.084106367925861,-137.8192023907,1272078.2062658,338385.48457939,-0.00061170549913523,0,374239.63415348,-0.084106367925861
1.14358881,-0.087640111878212,-65726.009486064,93746.100753723,-0.085032351856018,-97679.010412325,55922.944866499,0,433953.82318259,-1112749.5092106,-635517.41208195,0.00070571012330807,882921.66472993,-0.09193681067511,-185.46750814216,1464207.2892337,363149.09909994,-0.00070589139161623,0,432792.90081562,-0.09193681067511
1.357947691,-0.091563329391699,-75466.152724225,107175.52407158,-0.088642699779728,-109265.81083646,62514.694982269,0,491152.31193454,-1253313.5274797,-652565.08088417,0.00079699912557718,993830.3028125,-0.096852606923278,-245.50410184063,1648477.1708918,372890.42133286,-0.00079726959506503,0,490021.57493643,-0.096852606923278
1.5937424601,-0.095878856818561,-86179.312324739,121950.25457516,-0.09261409703674,-122017.21753937,69774.712663309,0,554071.1847274,-1407925.5996577,-671317.50199333,0.00089748230523281,1115826.3959637,-0.1022599606707,-311.53845797479,1851135.2171266,409534.4801729,-0.00089778425311532,0,552972.80137758,-0.1022599606707
1.85311670611,-0.10062591068086,-97963.376491406,138199.7523511,-0.096982600859066,-136043.83705937,77760.922920127,0,623275.85238948,-1578009.716481,-691945.0668047,0.0010080328860431,1250024.5275806,-0.10820798833331,-384.17204824255,2074096.3233978,455619.45222504,-0.0010083772664338,0,622214.15131963,-0.10820798833331
2,-0.10331417768649,-104635.02904362,147400.59380438,-0.099456541172088,-143992.53034935,82287.612556117,0,662460.9181521,-1674317.0250926,-703626.47572933,0.0010706152999846,1326007.7427715,-0.11157634641893,-425.29408588932,2200333.9567229,481720.39304846,-0.0010709762889374,0,661420.90946897,-0.11157634641893
