time,max_compressive_yy_concrete,max_compressive_yy_ground,max_compressive_yy_steel,max_disp_x,max_plastic_strain_steel,max_principal_stress_concrete,max_settlement_y,max_tensile_yy_concrete,max_vm_concrete,max_vm_ground,max_vm_steel,min_disp_x
0,0,0,0,0,0,0,0,0,0,0,0,0
0.1,-145300.33674454,-489177.15488292,-311639.81531638,0.0001129375909523,0,74494.339829328,-0.054793210223567,65206.966665157,138584.19001071,279533.28872207,410273.42856924,-0.00011289749951252
0.21,-143879.08033493,-490104.97907264,-313947.22162308,0.00010800236742694,0,77128.619624959,-0.054983671212532,63670.778013415,136995.92357563,280063.32864253,414678.15478738,-0.00010796407263833
0.331,-142315.71442547,-491125.57701875,-316485.33645579,0.00010257371512348,0,80026.296817009,-0.055193176601909,61980.987812906,135252.35463205,280646.36763866,419523.31488446,-0.00010253739663948
0.4641,-140596.0250654,-492248.22374749,-319277.22783446,9.6602284152339e-05,0,83213.710735512,-0.055423630333673,60122.235406525,133338.86377963,281287.7042476,424852.9455521,-9.6568139590327e-05
0.61051,-138704.38257058,-493483.12182509,-322348.26524914,9.0033814849819e-05,0,86719.828557077,-0.055677126780936,58077.628249156,131239.64084811,281993.16691062,430715.48447681,-9.0002061568143e-05
0.771561,-139605.74911549,-494841.49358863,-368600.58458225,8.2808625368191e-05,0,94833.104481543,-0.055955969657205,55905.780716477,131313.05653977,282769.16663584,437164.21125132,-8.2779502491271e-05
0.9487171,-162950.26663743,-496335.68302124,-427153.49400054,7.4861070322212e-05,0,111032.82715213,-0.056262692930079,53802.568374373,153210.0134465,283622.75519662,444268.8113595,-7.4834840838592e-05
1.14358881,-191957.05359518,-497979.37807628,-493326.78961425,6.5507358251056e-05,0,127499.4954923,-0.056602317467203,52166.646164697,180893.38344778,284561.76399224,517246.66042113,-6.548487253098e-05
1.357947691,-225171.59330275,-499787.4574929,-568020.32037071,5.4978260555279e-05,0,145081.10727655,-0.056976776297168,59605.542825031,212770.11863247,285594.68682044,606302.94765432,-5.4960113341703e-05
1.5937424601,-261707.04115212,-501776.31041774,-650181.9555437,4.3396570306549e-05,0,164420.57361824,-0.057388674133879,71557.041053808,247844.96677801,286730.88227194,704263.5462231,-4.33831953975e-05
1.85311670611,-301895.37349558,-503964.00697186,-740558.2422488,3.0657094889563e-05,0,185693.61560019,-0.05784175361079,85038.662764617,286435.01856111,287980.67348121,812018.51459985,-3.0648969436608e-05
2.138428376721,-350774.75120905,-506370.52442245,-847440.05640226,1.6178797633452e-05,0,207352.76551578,-0.058341567590513,101814.16357935,333589.77126228,289355.48406965,927207.80163817,-1.6179115358702e-05
2.4522712143931,-409995.24720458,-509017.75129648,-973726.24346548,9.4737672218732e-06,0,229145.58277151,-0.058913301339471,122538.16281839,390962.62660396,290867.8214888,1050016.1925333,-9.4746477153253e-06
2.7974983358324,-475136.42387953,-511929.62709758,-1112638.1232469,2.0144999818348e-05,0,253117.13831241,-0.059591866570394,145334.07814774,454089.27452414,292531.35053449,1185102.3890592,-2.0123806969397e-05
3.1772481694157,-550674.33711377,-515132.70478034,-1272842.1321546,4.1367866353167e-05,0,278372.3146135,-0.060361059316694,172133.45361131,527367.51344114,294361.25196953,1331151.0917488,-4.1331697245658e-05
3.5949729863572,-638645.27972199,-518656.11115449,-1458367.2744154,6.5870665907714e-05,0,304753.70171394,-0.061216166634322,203779.12276123,612795.96752112,296374.16971612,1488605.1484691,-6.581617507637e-05
4.0544702849929,-737687.37580953,-522565.05002756,-1669196.561504,9.1332494484908e-05,0,336005.30293035,-0.062163141241239,238938.65902205,708864.87998963,298607.39921416,1669665.9558101,-9.1258417652612e-05
4.5599173134922,-865252.31385247,-527137.28010386,-1956370.3263566,0.00010715382151823,0,388644.2991265,-0.06326253158448,280478.00602592,831610.93801378,301220.04199224,1933167.8621484,-0.00010706283944759
5.1159090448415,-1007274.0342792,-532194.85376372,-2277463.2102358,0.00012313906560013,0,448437.99673191,-0.064482283953235,326381.52815497,968179.94638768,304110.06185292,2229648.3665905,-0.00012303021426636
5.7274999493256,-1170609.9753721,-537876.0589732,-2652413.6670954,0.00013480292547524,0,522111.56854528,-0.065874415827088,377757.25448957,1124882.5436312,307356.62368725,2583480.5582844,-0.00013467744981129
6.4002499442582,-1350257.1547319,-544124.6068182,-3064807.8302522,0.00014763186923102,0,603142.39933633,-0.067440743409617,434263.52208129,1297234.3852419,310927.39717994,2972647.5464238,-0.00014748810794289
7.140274938684,-1547842.0520048,-550997.06834596,-3518379.4889693,0.0001617420704447,0,692264.18590183,-0.069203494408069,496411.90448924,1486795.8434332,314854.71022793,3400672.909958,-0.00016157819649053
7.9543024325524,-1765152.897681,-558555.6375039,-4017233.8045159,0.0001772610206714,0,790283.62903787,-0.071203268398579,564764.83975759,1695282.4877872,319174.1039751,3871430.7134402,-0.00017707502452487
8.8497326758076,-2004155.5162093,-566868.6862127,-4565883.5823518,0.00019432860944498,0,898087.49030758,-0.073478194438418,639940.64413929,1924580.2859677,323924.65000863,4389179.6092327,-0.00019411828239274
9.8347059433884,-2267010.8183294,-576011.37347447,-5169289.4222099,0.00021309859207705,0,1016650.5039514,-0.076059778548748,722619.00070136,2176762.3811994,329149.29843647,4958600.8175045,-0.00021286150597843
10.918176537727,-2556094.1699443,-586066.31363997,-5832904.3440735,0.00023373949730621,0,1147044.2362959,-0.078996179768142,813547.01851954,2454107.661708,334895.2597793,5584840.3510001,-0.00023347298429009
12.1099941915,-2874016.4419013,-597124.309259,-6562722.158576,0.00025643596818875,0,1290446.5827375,-0.082347272039342,913545.86458404,2759120.9538436,341214.42376288,6273554.6191841,-0.00025613710186581
13.42099361065,-3223647.1036675,-609285.15453143,-7365330.4081218,0.00028139119478548,0,1448152.1842184,-0.086185766261212,1023518.0135373,3094555.176585,348163.81845435,7030960.4465886,-0.00028105676607657
14.863092971715,-3608139.4894625,-622658.51590082,-8247968.389488,0.00030883116768363,0,1621583.8078323,-0.090573758522239,1144455.2074133,3463435.5830487,355806.11348111,7863889.7936299,-0.00030845748820428
16,-5929630.0158243,-703402.19751087,-13577233.970484,0.00047434809781319,0,2668782.0170186,-0.11782176400551,1874637.5280572,5690660.3448008,428965.05631651,12893062.98561,-0.00047373838328318
