time,crown_disp_y,crown_stress_yy,crown_vm_stress,invert_disp_y,invert_stress_yy,invert_vm_stress,left_wall_disp_x,left_wall_vm_stress,max_compressive_yy_concrete,max_compressive_yy_ground,max_compressive_yy_steel,max_disp_x,max_plastic_strain_steel,max_principal_stress_concrete,max_settlement_y,max_tensile_yy_concrete,max_vm_concrete,max_vm_ground,max_vm_steel,min_disp_x,right_wall_disp_x,right_wall_vm_stress,surface_disp_y
0,0,0,0,0,0,0,0,0,0,0,0,0,0,0,0,0,0,0,0,0,0,0,0
0.1,-0.005629802429766,0.0002719188321209,121.96668080928,-0.0056519083767267,-1913.4616864113,1111.6307030304,1.5841814242897e-07,301.43500188298,-14265.749704357,-49823.703767736,-36299.558897755,5.3547454068682e-06,0,6394.5779787589,-0.0056558536040768,191.89241596787,16177.888978723,28470.93752086,31840.819044572,-5.3554086011401e-06,-1.5795348292513e-07,304.01348494246,-0.0056260076909071
0.21,-0.01182050778349,0.00057259764288113,255.95099316805,-0.011866888725734,-4016.4249172087,2333.5859040582,3.3263941802049e-07,633.03776941738,-29947.234839486,-104602.96966201,-76212.182701207,1.1238095756317e-05,0,13425.470536495,-0.011875172545214,402.98109419248,33984.194329385,59773.64972448,66850.387153722,-1.1239371513061e-05,-3.3178493219335e-07,638.88146366806,-0.011812543926485
0.331,-0.018627867975151,0.00090326380200145,403.40546061867,-0.018700984167361,-6330.7847425728,3678.4075282878,5.2433728623276e-07,997.98836752433,-47206.203395752,-164828.10609203,-120130.15501641,1.7713609499384e-05,0,21163.202767745,-0.018714042000084,635.1734236022,53563.616690323,94188.315971357,105379.2479406,-1.771563288962e-05,-5.2296073027589e-07,1007.1014927419,-0.018615315603937
0.4641,-0.026113000685759,0.0012674565493592,565.57314163199,-0.026215530817446,-8876.7063629687,5157.7961434578,7.3517150300113e-07,1399.4544385762,-66190.230724824,-231036.83229017,-168440.85099934,2.4836065177706e-05,0,29675.152758008,-0.026233840342337,890.58669556631,75106.547468361,132022.20703315,147763.12894609,-2.4838909512138e-05,-7.3324475789695e-07,1412.2316389291,-0.026095401612595
0.61051,-0.034343069582754,0.0016679480375049,743.97205675707,-0.034477957821564,-11677.413392353,6785.244285734,9.6709201640924e-07,1841.0759753445,-87075.065092677,-303819.37958731,-221585.8667769,3.2671124263348e-05,0,39039.312660097,-0.034502044548798,1171.5403397538,98803.11425709,173612.60112913,194390.45315627,-3.2674838364067e-05,-9.6456704785307e-07,1857.8801909364,-0.03431991879229
0.771561,-0.043391812411521,0.0021084876831696,940.19845015444,-0.043562295927681,-14758.294487235,8575.5055591436,1.2221832220127e-06,2326.8302416259,-110047.5379697,-383823.26517114,-280044.95511598,4.1289140734069e-05,0,49340.41569831,-0.043592737808193,1480.5903949629,124874.32629136,219329.51153317,245683.10672694,-4.1293839396688e-05,-1.2190077633275e-06,2348.1130023251,-0.04336255509399
0.9487171,-0.053340177704576,0.0025928799113666,1156.0063111387,-0.053549808515974,-18147.090300409,10544.682320525,1.5027394665328e-06,2861.1155847859,-135316.73601863,-471758.67630642,-344348.68950932,5.0766781656721e-05,0,60670.702011001,-0.053587240721661,1820.5445656313,153548.66952265,269578.76330624,302100.41426234,-5.0772586693864e-05,-1.4988274330993e-06,2887.2518543862,-0.053304204608658
1.14358881,-0.056480581798095,0.0038700536422309,1043.3836064555,-0.056682832846612,-19849.536537731,11533.816805126,1.5382814450353e-06,2820.2682851708,-148659.03782968,-498411.89436724,-376430.1934778,4.8049937199316e-05,0,67586.823904702,-0.05672375372956,1919.8113056791,169987.2520859,284809.11408151,336401.08328872,-4.8054736786093e-05,-1.5318173472942e-06,2856.1106864039,-0.05644724017545
1.357947691,-0.056865538275219,0.0073884031930979,691.69409271419,-0.05705272192328,-21199.748339642,12313.957572172,1.5194432486844e-06,3119.3601050424,-161378.43537935,-500219.89425074,-406231.72872441,3.8798428334522e-05,0,74543.949181742,-0.057096425325774,1922.1497193569,186241.46910168,285841.99853084,370838.79328805,-3.8799559234796e-05,-1.5180189045545e-06,3172.8851890989,-0.056840686619404
