batch_size,lr,weight_decay,hidden_size,num_layers,Validation_MSE
64,0.001,0.001,64,4,0.23427680134773254
64,0.001,0.0001,64,4,0.23428015410900116
64,0.001,1e-05,64,4,0.23428048193454742
32,0.001,0.001,64,4,0.23437541723251343
32,0.001,0.0001,64,4,0.234404057264328
32,0.001,1e-05,64,4,0.2344069629907608
128,0.001,0.001,64,4,0.23604929447174072
128,0.001,0.0001,64,4,0.23606102168560028
128,0.001,1e-05,64,4,0.23606222867965698
64,0.0005,0.001,64,4,0.2365739941596985
64,0.0005,0.0001,64,4,0.23659634590148926
64,0.0005,1e-05,64,4,0.23659856617450714
32,0.0005,0.001,64,4,0.23692356050014496
32,0.0005,0.0001,64,4,0.23693954944610596
32,0.0005,1e-05,64,4,0.23694123327732086
128,0.0005,0.001,64,4,0.23702453076839447
128,0.0005,0.0001,64,4,0.23703926801681519
128,0.0005,1e-05,64,4,0.23704078793525696
32,0.001,1e-05,128,4,0.2384219467639923
32,0.001,0.0001,128,4,0.2384224683046341
32,0.001,0.001,128,4,0.23842723667621613
64,0.0005,0.001,128,4,0.24009665846824646
64,0.0005,0.0001,128,4,0.24010178446769714
64,0.0005,1e-05,128,4,0.24010230600833893
32,0.0005,0.001,128,4,0.2402769774198532
32,0.0005,0.0001,128,4,0.24029023945331573
32,0.0005,1e-05,128,4,0.24029159545898438
64,0.001,1e-05,128,4,0.2413640320301056
64,0.001,0.0001,128,4,0.2413642853498459
64,0.001,0.001,128,4,0.24136652052402496
128,0.0005,0.001,128,4,0.24143390357494354
128,0.0005,0.0001,128,4,0.2414354830980301
128,0.0005,1e-05,128,4,0.24143563210964203
128,0.001,0.001,128,4,0.24204498529434204
128,0.001,0.0001,128,4,0.2420492023229599
128,0.001,1e-05,128,4,0.24204961955547333
32,0.001,0.001,64,3,0.24443960189819336
32,0.001,0.0001,64,3,0.24445801973342896
32,0.001,1e-05,64,3,0.24445989727973938
64,0.001,0.001,64,3,0.24460329115390778
64,0.001,0.0001,64,3,0.2446267157793045
64,0.001,1e-05,64,3,0.24462905526161194
128,0.001,0.001,64,3,0.24527713656425476
128,0.001,0.0001,64,3,0.24528717994689941
128,0.001,1e-05,64,3,0.24528814852237701
32,0.0005,0.001,64,3,0.2454756647348404
32,0.0005,0.0001,64,3,0.2454875409603119
32,0.0005,1e-05,64,3,0.245488703250885
128,0.0005,0.001,64,3,0.2457205355167389
128,0.0005,0.0001,64,3,0.2457266002893448
128,0.0005,1e-05,64,3,0.24572718143463135
64,0.0005,0.001,64,3,0.2458048164844513
64,0.0005,0.0001,64,3,0.24582095444202423
64,0.0005,1e-05,64,3,0.24582259356975555
32,0.001,0.001,128,3,0.24649646878242493
32,0.001,0.0001,128,3,0.24649935960769653
32,0.001,1e-05,128,3,0.24649961292743683
32,0.0005,0.001,128,3,0.24666152894496918
32,0.0005,0.0001,128,3,0.24667146801948547
32,0.0005,1e-05,128,3,0.24667245149612427
64,0.001,0.001,128,3,0.24732322990894318
64,0.001,0.0001,128,3,0.24732917547225952
64,0.001,1e-05,128,3,0.2473297268152237
128,0.0005,0.001,128,3,0.24797560274600983
128,0.0005,0.0001,128,3,0.2479792833328247
128,0.0005,1e-05,128,3,0.24797964096069336
64,0.0005,0.001,128,3,0.2482229620218277
64,0.0005,0.0001,128,3,0.2482343316078186
64,0.0005,1e-05,128,3,0.24823549389839172
128,0.001,0.001,128,3,0.2487216591835022
128,0.001,0.0001,128,3,0.2487257719039917
128,0.001,1e-05,128,3,0.24872620403766632
32,0.001,0.001,64,2,0.24981789290905
32,0.001,0.0001,64,2,0.2498513013124466
32,0.001,1e-05,64,2,0.2498546838760376
64,0.001,0.001,64,2,0.2501709759235382
64,0.001,0.0001,64,2,0.25018948316574097
64,0.001,1e-05,64,2,0.2501913905143738
128,0.001,0.001,64,2,0.2510915696620941
128,0.001,0.0001,64,2,0.25112006068229675
128,0.001,1e-05,64,2,0.25112292170524597
128,0.0005,0.001,64,2,0.253629595041275
128,0.0005,0.0001,64,2,0.2536369860172272
64,0.0005,0.001,64,2,0.2536371946334839
128,0.0005,1e-05,64,2,0.25363779067993164
64,0.0005,0.0001,64,2,0.2536455988883972
64,0.0005,1e-05,64,2,0.25364646315574646
32,0.001,0.001,128,2,0.25402194261550903
32,0.001,0.0001,128,2,0.254050076007843
32,0.001,1e-05,128,2,0.25405290722846985
32,0.0005,0.001,64,2,0.25472310185432434
32,0.0005,0.0001,64,2,0.2547324597835541
32,0.0005,1e-05,64,2,0.2547334134578705
32,0.0005,0.001,128,2,0.25597766041755676
32,0.0005,0.0001,128,2,0.25599154829978943
32,0.0005,1e-05,128,2,0.25599294900894165
64,0.001,0.001,128,2,0.25652003288269043
64,0.001,0.0001,128,2,0.25653722882270813
64,0.001,1e-05,128,2,0.256538987159729
64,0.0005,0.001,128,2,0.2566063702106476
64,0.0005,0.0001,128,2,0.25661900639533997
64,0.0005,1e-05,128,2,0.2566201686859131
128,0.001,0.001,128,2,0.2570151686668396
128,0.001,0.0001,128,2,0.257030189037323
128,0.001,1e-05,128,2,0.25703170895576477
128,0.0005,0.001,128,2,0.25859951972961426
128,0.0005,0.0001,128,2,0.2586061358451843
128,0.0005,1e-05,128,2,0.25860679149627686
