time,invert_disp_x,invert_disp_y,invert_plastic_strain,invert_stress_vm,invert_stress_xx,invert_stress_yy,left_disp_x,left_disp_y,left_plastic_strain,left_stress_vm,left_stress_xx,left_stress_yy,max_plastic_strain_soil,right_disp_x,right_disp_y,right_plastic_strain,right_stress_vm,right_stress_xx,right_stress_yy,top_disp_x,top_disp_y,top_plastic_strain,top_stress_vm,top_stress_xx,top_stress_yy
0,0,0,0,0,0,0,0,0,0,0,0,0,0,0,0,0,0,0,0,0,0,0,0,0,0
1,3.4283559360296e-07,-0.060826398754251,0,543697.04455332,-618453.38390275,-35127.678028418,-0.00017495447444643,-0.061419146106581,0.002553807513349,47544.885893161,40424.779595669,63258.441763683,-0.0059830997277483,0.00017769539597236,-0.061419777378585,0.002550456617031,112627.76045885,38247.399416135,49492.272148393,2.0005976371914e-06,-0.06166576173787,0,215383.3180717,-239571.53616192,-6724.985121201
2,3.0580839191192e-07,-0.060906127390458,0,550720.2296314,-626355.99942465,-35471.416083156,-0.00017824375457383,-0.061507628353113,0.002553807513349,50815.316789977,41459.71531686,68389.633546656,-0.0059830997277483,0.00018111563475755,-0.061508426180317,0.002550456617031,115587.48601289,39231.835671021,54247.822159019,2.150703088013e-06,-0.061756463433361,0,216361.50473786,-240648.45319953,-6744.0602211334
3,3.0580839191192e-07,-0.060906127390458,0,550720.2296314,-626355.99942465,-35471.416083156,-0.00017824375457383,-0.061507628353113,0.002553807513349,50815.316789977,41459.71531686,68389.633546656,-0.0059830997277483,0.00018111563475755,-0.061508426180317,0.002550456617031,115587.48601289,39231.835671021,54247.822159019,2.150703088013e-06,-0.061756463433361,0,216361.50473786,-240648.45319953,-6744.0602211334
4,2.9100455168377e-07,-0.061065520319967,0,566844.43345768,-644484.91257792,-36225.271097498,-0.0001852521065814,-0.061684388098336,0.002553807513349,58844.322720749,43932.635727288,80284.590335381,-0.0059830997277483,0.00018812016294283,-0.061685172416007,0.002550456617031,122767.39886423,41583.689456546,65279.454063355,2.149808350191e-06,-0.061937835828908,0,218400.01475307,-242894.77741803,-6787.9644691987
5,2.9100455168377e-07,-0.061065520319967,0,566844.43345768,-644484.91257792,-36225.271097498,-0.0001852521065814,-0.061684388098336,0.002553807513349,58844.322720749,43932.635727288,80284.590335381,-0.0059830997277483,0.00018812016294283,-0.061685172416007,0.002550456617031,122767.39886423,41583.689456546,65279.454063355,2.149808350191e-06,-0.061937835828908,0,218400.01475307,-242894.77741803,-6787.9644691987
6,2.817314762567e-07,-0.061226406677227,0,582266.03406956,-661919.87143783,-37064.530874225,-0.00018801622566604,-0.061859439538915,0.0026062401307524,62033.493040276,48143.861594627,86016.001654573,-0.0059830997277483,0.00019089186939674,-0.0618602024558,0.0026027435155284,128166.8932425,45933.786631403,72144.007526484,2.1509494616312e-06,-0.062115105809401,0,219454.82851281,-244060.67881589,-6815.4239939042
7,2.7473850653831e-07,-0.06130765024976,0,589671.47815085,-670324.0180241,-37508.323050527,-0.0001868845858736,-0.061946876151198,0.002612384586456,55560.438777936,44886.135052657,76766.043450777,-0.0059830997277483,0.0001897579704584,-0.061947627493847,0.0026088493219565,125086.89456261,42740.464642182,64109.190493068,2.1502341671148e-06,-0.062202148948773,0,219418.57242864,-244023.97985785,-6817.5924808228
8,2.7473850653831e-07,-0.06130765024976,0,589671.47815085,-670324.0180241,-37508.323050527,-0.0001868845858736,-0.061946876151198,0.002612384586456,55560.438777936,44886.135052657,76766.043450777,-0.0059830997277483,0.0001897579704584,-0.061947627493847,0.0026088493219565,125086.89456261,42740.464642182,64109.190493068,2.1502341671148e-06,-0.062202148948773,0,219418.57242864,-244023.97985785,-6817.5924808228
9,2.6736858446636e-07,-0.061468395831837,0,603569.85659602,-686134.21601603,-38394.863234298,-0.00018161386426242,-0.062119264219424,0.0026200315390668,34879.176829974,40140.749592094,47447.353342893,-0.0059830997277483,0.00018449535416624,-0.062119985831549,0.0026164792028509,119619.96178614,37837.878630344,33912.099416464,2.1514977278936e-06,-0.062370961711513,0,217846.74198497,-242299.64306307,-6791.4177081152
10,2.6657042764959e-07,-0.061548659173083,0,610271.1240383,-693767.61116206,-38837.993967182,-0.00017839461337517,-0.06220526409319,0.0026253736860256,28145.389309301,38341.663390691,33342.744533167,-0.0059830997277483,0.00018128255155811,-0.062205968185958,0.0026217832921666,119186.44225883,35909.902845079,18989.165609912,2.1533608247743e-06,-0.06245343592229,0,216678.17044502,-241014.68462337,-6762.9653109979
11,2.6396851935147e-07,-0.061627720214221,0,616729.68849398,-701124.57371179,-39267.801702629,-0.0001758561987184,-0.062290317162724,0.0026291948828393,26517.489906003,37097.451605478,20931.337078413,-0.0059848222933,0.00017874373403565,-0.062291006059299,0.0026255586320937,120208.48111962,34549.274981627,5809.980201911,2.1512594133385e-06,-0.062534510105101,0,215660.41504145,-239893.63750725,-6730.2924786055
12,9.3790992153168e-09,-0.062293098524926,0,671144.2226384,-762797.8100106,-42647.029017213,-0.00022484902302773,-0.063042885079087,0.0026291948828393,69381.064264235,45103.399858676,-19109.838721974,-0.0060919657852833,0.00022739998998598,-0.063043486479982,0.0026255586320937,139329.38424665,42992.226612414,-31858.381326411,2.2441374598858e-06,-0.063473795313339,0,396640.15721938,-445246.30024084,-17677.965307937
13,-1.8156094058156e-07,-0.062995939740008,0,730046.84747724,-829459.57954601,-46158.178169028,-0.00027684362893237,-0.063837965634594,0.0026291948828393,118357.91441202,54143.440959853,-57090.73722992,-0.0062114249898139,0.00027920733269716,-0.063838440336745,0.0026255586320937,167190.98538758,52527.110961462,-67225.794272339,2.339497070103e-06,-0.064453081290381,0,556643.92258148,-626969.31292777,-27721.759125424
14,-2.9062126735087e-07,-0.063681221442862,0,788201.86923605,-895232.7193664,-49556.291818513,-0.0003258345759427,-0.064612015762801,0.0026291948828393,164792.86946117,62856.807576494,-92301.460056485,-0.0063508438657772,0.00032804439578995,-0.064612247720637,0.0026255586320937,197572.03460174,61672.672223955,-100124.46275975,2.4257693373319e-06,-0.065393560147102,0,690640.26247589,-779490.87136236,-36673.269305577
15,-5.3933188669468e-07,-0.06434780746073,0,846914.05430099,-961548.99498857,-52846.158701145,-0.00037247770439309,-0.065364591425523,0.0026291948828393,207788.40416862,71063.866843087,-124470.77555203,-0.0065117354473842,0.00037421979337533,-0.065364725545582,0.0026255586320937,227981.26382739,70233.010534122,-130288.36622836,2.3547685846991e-06,-0.066297923645241,0,805789.49455794,-910794.89594294,-44747.219567185
16,-7.2779357818e-07,-0.064994110619834,0,905569.67300602,-1027731.0028229,-56025.236734328,-0.00041701119808717,-0.066094896124685,0.0026291948828393,247032.66683562,78722.73636888,-153414.8896174,-0.0066668982717016,0.0004184068776845,-0.06609481672311,0.0026255586320937,257053.84650087,78222.633634784,-157388.44300626,2.3236598702296e-06,-0.067167974392687,0,907523.7028309,-1026872.0712686,-52017.459326388
17,-1.1032354341143e-06,-0.088045493935993,0,2531528.6852016,-2861383.5985286,-138989.68828667,-0.00078490540814033,-0.090784145498087,0.0026291948828393,1206210.2622388,23234.300269942,-1287061.4665462,-0.0066668982717016,0.00078638932459027,-0.090778565521579,0.0026255586320937,1212560.1446617,22597.641268977,-1292232.1548197,3.460725127838e-06,-0.093500132657194,0,2534492.3412336,-2861505.4935657,-134892.99973238
