input_width,input_height,input_thickness,input_depth,input_base_y,input_e_fill,input_e_soil,input_phi,input_load,top_disp_x,top_disp_y,top_stress_xx,top_stress_yy,top_stress_vm,invert_disp_x,invert_disp_y,invert_stress_xx,invert_stress_yy,invert_stress_vm,left_disp_x,left_disp_y,left_stress_xx,left_stress_yy,left_stress_vm,right_disp_x,right_disp_y,right_stress_xx,right_stress_yy,right_stress_vm
2.93337743020897,2.210320633387476,0.2098873116924781,2.670850214490481,-34.1683349765981,63859280.272195585,77876046.38308434,0.5032094216221678,92209.14335948035,-6.3102793681688e-06,-0.17158890936153,-6784323.0211301,82113.997461184,6277239.2447747,-5.6551581558562e-06,-0.16863318076064,-6843915.94911,75105.390810367,6326780.6901421,-0.0004945867846027,-0.17011851776485,-28883.589929976,-585091.76851494,515717.20772923,0.0004821286943102,-0.17011931782151,-29053.548769773,-586921.85425221,517324.9393536
1.6909570853319742,2.741875407412701,0.35975622117529116,4.057111842459056,-33.51119409434936,25915084.662169896,61363662.52170402,0.5142269403619942,80720.14057222757,-0.0001316932779321,-0.3834162548583,-115546.38086736,-284459.92742238,197753.98846482,6.3104513291032e-05,-0.3833631250125,-189141.18667547,-325416.87594455,206537.43285833,-3.3512544291486e-05,-0.38345065019839,4524.2685173491,-638714.81926616,588656.65832874,-3.5949117288387e-05,-0.38333160825678,2722.0118196255,-643083.78273583,591428.50114414
1.513527332630855,2.7734807953947453,0.30623444665368194,4.31216843174985,-35.22626123452229,47211396.31928805,133247397.30994326,0.5535240989602597,11179.445381748435,-1.5935688562561e-05,-0.19889247215468,-41444.810780412,-148606.54494212,111705.00669366,2.5051789633594e-05,-0.19886172660422,-125978.26804652,-182694.48511166,112293.4690838,3.7144071646659e-06,-0.19888920937473,8571.6186908348,-345283.2333501,323544.63470738,4.7390618625492e-06,-0.19886736355533,7332.493203198,-348072.38557692,324670.06432241
1.636962444169206,1.6445110970050854,0.28033286663644064,1.9024672617020766,-20.528792602903437,49397788.66366116,114845949.92153673,0.6015511400338425,98590.56938354216,1.9657508628888e-06,-0.08938176322199,-1107983.4013545,-152122.06816734,910043.52219034,-1.4277008635307e-06,-0.089257250221369,-1215444.368609,-179859.97440002,989730.6185941,-1.3059051227596e-05,-0.08932023499699,-60753.109989683,-527344.04517842,440956.77050092,1.3536517876556e-05,-0.089323525774111,-60975.19601626,-528751.61673447,442094.95766484
2.5637911804904214,2.014759864857344,0.15329167672321106,3.7790001383392315,-32.94457730517066,22276972.506359555,142302029.02326846,0.5219467319870356,26411.6531872369,-5.8848385192301e-06,-0.38437204547066,-8439188.772081,-45124.381305611,7702233.5885498,-2.5582328276132e-06,-0.38028664938621,-8892590.4446579,-54337.552433111,8111274.1764963,-0.0007621487907806,-0.38238567745938,-101006.58617086,1976287.4887452,1884908.7298282,0.0007535448885804,-0.3823825098847,-67026.88276911,1997605.1562485,1882381.0186506
2.1726327071696963,1.7794531265651312,0.1510405465855032,4.551731040124526,-34.02150723048118,78322945.34501909,64870459.26016118,0.45276945584716227,92642.12607193754,-9.7474493162603e-05,-0.13889543039807,-203545.35090501,-80831.698260413,136306.22091537,-2.6834482348498e-05,-0.13881840436654,-358098.1508967,-115523.25691349,253773.44908643,-5.4977115481529e-05,-0.13889938968962,-137210.53955567,-1388507.5315774,1291718.9373626,-6.9248982802117e-05,-0.13881544080387,-128024.24269539,-1373787.6668785,1271092.2794229
2.8873269362605845,2.577291711692301,0.32778157807565766,2.7674090104386027,-23.12368463047117,79983405.78138651,87356371.23905203,0.5441281712840723,38916.51642790413,2.2100642477634e-05,-0.054410927237483,-2174564.240609,-35614.319129963,1967478.1257532,9.4450999513882e-06,-0.053824303175324,-2391136.1535692,-54832.214260242,2152251.3919028,-9.8266741332587e-05,-0.054123129962634,-46580.3851234,69562.753523571,101272.96286796,0.0001299854848365,-0.054135456691836,-47653.858431326,70812.594898573,102959.32413547
2.0439991953084444,1.878069929009246,0.3768109562659826,4.160572803322401,-29.12209134734872,36028198.79976244,103417667.57512209,0.5567507823970422,64873.604968978936,0.0001864467612771,-0.20421455839318,-85995.474985755,-79879.854218431,50044.383499681,5.2913405607366e-05,-0.20419174726097,-169709.54542587,-120082.34274434,96983.409462966,0.0001208793430388,-0.20413092673258,-41060.440293765,-460662.35927297,404275.36311434,0.0001184543600533,-0.20427641514593,-39735.360955824,-468645.24192177,411969.97361207
1.841464766983384,1.6290689955615458,0.38621735976940824,1.6454550131343426,-33.7061612093501,55380268.04198653,71183171.36134508,0.49601491315729346,20383.81171145895,-3.4853248330333e-06,-0.1673516351898,-311077.79457292,-58682.400712154,245170.72872609,-7.7425850307741e-07,-0.16731931810871,-356060.85762875,-87847.224098272,267983.34939785,-7.0116638996146e-06,-0.16733774969658,-17449.663276309,-82751.568405644,64052.011496201,2.7739396060518e-06,-0.16733467993153,-17768.685306351,-82402.645526755,63833.159771721
2.60593486035331,2.4381193802875645,0.27414200716235765,1.4805839622739545,-38.66177109063813,42506770.91139752,80490913.37649739,0.5697288378003,33755.38007529191,-1.023470099742e-06,-0.2876736351135,-1985882.347691,-47993.778738024,1785737.3750318,-2.3324748507681e-07,-0.28712599004158,-2455748.3594654,-76367.474820756,2196163.7356484,-0.0001055858733132,-0.28742577692946,-22703.23781185,-45651.859865082,33452.689725713,0.0001044058269217,-0.28742491985933,-22627.205901305,-44237.377320963,28288.165436821
1.777362719255198,1.8010548381841431,0.31596210166574856,1.299511693493553,-29.84141175036119,45657595.66709534,100987007.54680076,0.5585370084509768,36713.66033704219,-2.9555395510948e-06,-0.16508214037584,-521127.61317275,-72036.692932836,427890.90536815,-2.0228820193071e-06,-0.16501972192622,-631102.63550501,-104509.15386611,506871.09059141,-1.0453130449234e-05,-0.16505390672499,-27786.911621173,-216407.88922877,179226.65931593,5.4796514969093e-06,-0.16505299812076,-27917.781814591,-216226.48475701,178971.48157778
2.2719647196674595,2.585739203116802,0.30489273790416616,3.1783888195447623,-30.04707024986933,12380420.23210821,76017867.09004673,0.517838070112061,54801.138823203684,7.1195499126633e-06,-0.6139612711184,-2142612.379563,-113587.2933555,1883041.8277114,1.6856045017612e-06,-0.6135790514935,-2592144.444684,-152634.27851462,2267476.6771311,-4.1238737806315e-05,-0.61378344084203,-52525.102809995,-726883.17940732,629409.55408005,5.008297546572e-05,-0.61378799308234,-52461.062529095,-726388.15196022,629051.91971446
2.2416985043544124,2.902706618771826,0.39687055992172604,3.843566216341147,-34.71536101562382,67031453.05784775,111218609.69063799,0.4426366087211387,13466.160908273447,-4.0995420805647e-05,-0.14214676612667,-640514.03644554,-95647.222235302,521101.29697526,-1.0009372522644e-05,-0.14204229208743,-847751.56243574,-141350.84063107,680072.40110384,-2.4877607786452e-05,-0.14211191697579,-31706.268381177,-535004.79472761,467976.02524286,-2.6705314812622e-05,-0.14208895235281,-32332.117497197,-542546.15837593,474491.525283
1.7038862167807756,1.867563182436161,0.3824934558313028,3.689610936240686,-39.41086045669798,75194166.09010479,128014568.35407662,0.44624342041546877,4160.8342373219875,1.2657588558378e-06,-0.1644396423345,-315686.32608439,-68540.496470626,243112.96052205,5.5041187705253e-06,-0.16440965051678,-376859.11461944,-97293.200901977,280821.16749678,5.429788638621e-07,-0.16442752922374,-23968.310313067,-208699.43573169,174592.40606117,6.2751652784563e-06,-0.16442368250045,-24163.565061319,-207064.19924832,172976.67951514
1.6612753399496574,2.285093547539522,0.3125340318520329,3.5605312237769144,-28.32041999998807,43122568.59108715,85007148.46588114,0.5645755245910336,2637.1322674030193,2.0234719511911e-05,-0.13722789977098,-455531.34227401,-63446.983962258,373548.93319963,5.3560185856503e-06,-0.13717355643772,-653447.59222233,-97979.456884424,531251.7994878,1.0128839787128e-05,-0.13719879877925,-18633.448659267,-335886.90117484,294739.10607373,1.5591131689617e-05,-0.13720953048453,-19013.085708892,-335522.25064955,294085.54796759
2.2791520453724194,1.9123041269643244,0.15513159808203356,2.1532100799239524,-30.990601763123856,51988362.72621828,135518236.98138896,0.5980928309669221,61430.57762384722,-1.2156388674687e-06,-0.16364665556316,-4798196.7394415,-9540.0220467364,4390758.3188707,2.6356597956904e-07,-0.16194419870764,-5034447.972397,-15677.539325247,4602871.7835121,-0.0002947219227015,-0.16281606933322,175542.90463781,-408600.30767451,510761.41944497,0.0002937439081979,-0.16281472134433,175533.1266293,-408846.12170006,510975.42736
2.5089918906514725,2.2487472029868987,0.3390918459749234,1.0221158835741844,-38.562988097644904,72608541.36153784,57870271.16006334,0.5001019467338744,73141.52934989415,1.0247343417498e-06,-0.18577295993634,-1522403.3388102,-77987.716639209,1339875.7465209,-2.4044245765592e-06,-0.18547376918633,-1889976.9442007,-110667.21985925,1653690.7022651,-4.6690618092986e-05,-0.18563486613974,-42694.752914707,-224769.46080915,178479.66152037,4.523029918257e-05,-0.18563854407855,-43720.355671103,-234391.59518351,185751.492925
2.4550359924127516,1.6264913935825827,0.3431637452511702,1.573202391265771,-33.973813806635754,44026326.13042691,140525277.77475175,0.4360630423481374,39776.21704758452,-3.8286698447738e-07,-0.23152126929742,-1171886.7266464,-63068.635375585,1029259.1752597,1.8540575681057e-07,-0.23131878532377,-1262911.5162531,-86963.926997335,1095965.8181558,-3.1173832761444e-05,-0.23142362676766,-27049.138008051,260783.42540682,259062.0853989,3.0933865487603e-05,-0.23142290113572,-26933.027012484,259633.26988024,257805.73136127
2.555595494662711,1.8316619412626816,0.2674306854422135,2.4718582209974764,-32.62229394144497,56073409.27538298,116928941.8738032,0.5873911396590126,61731.83998503311,3.7041592355358e-07,-0.16684085402199,-1479120.6416925,-174353.9251188,1234051.5243215,4.483916965631e-07,-0.16611694797049,-1548067.9634807,-194414.99302586,1283572.764276,-0.0001250503320572,-0.16648767638544,-75842.529275436,694229.51980626,692245.86950733,0.0001259251606807,-0.16648365464076,-75855.606848422,695338.03398211,693273.12317734
2.135875471259094,2.655075615695794,0.20477142623002606,2.4056637214821297,-21.34954037417092,11797567.012140436,124327955.59317407,0.4492581753827484,50194.777222039214,3.1334286211486e-06,-0.3333750822501,-2995390.1940695,5058.8706029505,2748964.957889,2.5693267555551e-07,-0.33265007996865,-3795228.6572078,-2169.5018535389,3476822.4593512,-3.2774580607046e-05,-0.33305206408111,-58564.427114685,-1045858.8001845,917401.57941314,3.6038320408668e-05,-0.33305429175713,-58597.474742546,-1046136.0578302,917660.81172885
2.293125455585505,2.019959848263072,0.2572289027403737,4.534684371310416,-31.82017118032691,45455923.82950989,72169793.60910943,0.48204390303288747,94711.87535320196,7.1512764678517e-05,-0.20648821379576,-173309.86633126,-77883.808378926,111841.22743831,3.2836828244815e-05,-0.20643361393713,-259879.62757523,-127745.24439465,163189.30828933,5.6614426461728e-05,-0.20643897075009,-99432.19620637,-908543.2947262,803043.04860759,4.7687430709421e-05,-0.20648351243069,-96854.873445361,-932682.4222446,828096.7822662
2.374656523087909,2.523342419158845,0.28504345223415156,2.600866879198124,-24.692421720954208,61076362.88324163,69989279.778686,0.5869387680829246,26052.44444785652,7.5273265856962e-06,-0.078824514637442,-856998.56205006,-108296.98220822,710124.75846642,4.1539825556718e-06,-0.078483728318404,-1010197.275694,-139868.96956094,828940.48409274,-6.1267756308731e-05,-0.078664229593653,-21734.944292992,-337615.49578203,294069.11058661,7.3197687810803e-05,-0.078666766635418,-24742.314568099,-334067.61946265,288826.35607395
2.4614116306890823,1.8447480864850554,0.2951801347468834,3.1324842327494498,-22.704787170649368,41661659.26449074,86304519.59524441,0.5073193781495912,87123.8584585265,6.0921300395966e-06,-0.11800563734549,-3388237.4132454,-127649.60040849,3014355.4265571,5.2567271549623e-06,-0.11731850504167,-3534641.7842903,-147397.78455886,3134562.2045132,-0.0001131472287476,-0.1176670383183,-54963.839515287,445074.75031819,448583.28680812,0.0001245616383715,-0.1176683678368,-54648.815923905,446826.56095967,449992.98557354
2.9523339490204927,2.6524182253424957,0.3616777643249875,4.926228363266925,-23.430915183350915,73813839.36019534,105643950.60556647,0.5083363196405679,69779.65674855227,0.0003736639688518,-0.061329702141933,-35526.136777666,-62375.587440193,350828.96267891,9.7215288627271e-05,-0.061221072315505,-124790.8336768,-87693.176491133,454953.7994863,0.0002334687845236,-0.061126027324409,112595.9511516,-904039.299906,911949.97963064,0.0002371777188764,-0.061431723069656,115629.75958517,-909037.76678172,918804.34871655
2.0777906719694768,2.607405467407082,0.3797015422262946,2.1189546119482747,-21.093214985192425,11001355.60158097,97369912.06206438,0.44407596651759296,41079.96726674279,1.7739521016831e-06,-0.34627320156216,-432495.08245269,-101447.45861993,328411.8702595,2.2033030374172e-06,-0.34618913157183,-574968.47383124,-146512.3536385,429744.26385553,6.1693643332335e-06,-0.34623656764755,-34022.191804707,-579472.2268978,507346.10204666,-2.2234932488028e-06,-0.34623624308549,-34066.068205378,-580086.96604193,507860.38185333
2.723849732058459,2.93302660481985,0.32987041999700906,4.975853432330702,-38.92582104368877,64864307.07866461,139361977.98855174,0.4724104140510109,95974.89173694889,-0.0003608533665705,-0.21162943972693,-119355.06158481,-74522.034299481,424073.63691363,-5.7072197834953e-05,-0.21148674597339,-241473.22529683,-100164.40664572,550548.86177141,-0.0002202802428533,-0.21170305958276,33504.070284225,-1182229.4149224,1130573.9591777,-0.0001982094517599,-0.21142157229932,32318.052121114,-1189611.0963665,1134991.7417959
1.7938757354930879,1.6083921251457691,0.27525434816581534,2.58144285669727,-35.75578024142672,27567747.05354998,126595475.31817423,0.4966966461657622,83178.85336019054,3.5367452898497e-06,-0.42847252345182,-1562682.2191474,-79143.995961353,1375962.0461933,3.3436046145204e-06,-0.4282916016873,-1667482.8038113,-96618.791980493,1459725.8015092,-2.5811766318552e-05,-0.42838425269132,-58933.535963327,-226351.88972409,168528.82186817,3.2701483136825e-05,-0.42838444883226,-58904.742610571,-226221.44600644,168575.98997987
2.3024550359760427,2.189448005042869,0.38800641853269696,4.761661099069432,-34.58716442514214,27174081.033924703,123794954.72541909,0.548973604173126,62964.482119851775,9.9550173757706e-05,-0.3713751337659,-108848.40923447,-115706.20098777,67627.679540173,-0.0001811530276852,-0.37133862729908,-196953.88728315,-167593.56867472,112293.96805766,-4.0120112771368e-05,-0.37121023932206,14471.871967531,-685343.31595057,638793.86641708,-4.1497550952159e-05,-0.37150552397138,13346.63368912,-682190.45215859,635026.6568519
2.2174077208793497,2.7656499845316453,0.19972332320582473,4.35627783161577,-25.256235649651583,24923612.2633565,99112605.08062148,0.6098454209917095,23829.88614127966,-0.0002390100192993,-0.19065878706639,-138210.92077374,-54684.667340218,92635.105545541,0.0001615604571678,-0.19058887071057,-303904.84781862,-107301.16581881,210264.20263593,-3.6414629234842e-05,-0.19078628441099,13758.551482285,-805349.50855807,749878.75320786,-4.0943319842009e-05,-0.19046539733439,14498.038498327,-805150.09124975,750422.13907034
2.5032069760481046,1.5210618291815095,0.21912811166802465,4.67411865181197,-25.797033004123,71711122.06170583,89755391.46388304,0.5892477879596779,43173.07312135799,0.0001029402402794,-0.075311488720777,81764.197503914,-35145.515853589,317042.73377055,3.2929931149825e-05,-0.075248474161554,-75266.691470319,-52563.855706491,401901.79080941,6.7114654459952e-05,-0.07522551361856,-164974.74394814,-521919.89856177,531029.62256924,6.841733913274e-05,-0.075341150353831,-169276.22741664,-525210.93520691,539985.05400377
1.9286407889212822,2.4341137492844678,0.16503557998154514,4.1311770808890955,-34.346059627051105,35538567.03367697,114295182.74945909,0.5684417675625584,52789.52758580033,4.4245468706711e-05,-0.27528733817585,-185267.97277446,-270783.56481633,175703.10490409,-0.0001764415873331,-0.27520308361072,-319870.34894215,-282796.81188019,210132.68181546,-6.7500372325228e-05,-0.27515930957682,20008.80043545,-1087517.6740033,1017903.9625761,-6.4575995841816e-05,-0.2753341679687,17839.783246345,-1076412.1239497,1006063.6053641
2.763187465976335,2.421903785735726,0.202243348935022,4.444555019493381,-34.911514133695086,68100477.5391493,83197250.0372325,0.4628995257919738,53861.86870724109,-4.1699589486362e-05,-0.15201555537377,-39357.845669905,-46525.914864126,487464.89949874,3.483976141034e-05,-0.15186793288847,-141668.55711311,-63475.478937465,639393.93511562,-2.72911664212e-06,-0.15199030063143,108899.6390377,-1129284.8169615,1115149.2404727,-3.9555872829501e-06,-0.15190270884022,109123.20414292,-1120152.0277723,1106952.4868723
1.9638227783045354,2.379467566837254,0.29876445523847006,3.099107804474519,-31.55916187821741,73249809.51910512,104989059.33062276,0.5753906342070975,29644.000488004986,-1.6902929323742e-05,-0.10912706909913,-1094074.0895334,-82805.064265863,944301.35063472,-6.1151366255785e-06,-0.10897162076298,-1309991.7736242,-110725.59409534,1122679.3761575,-2.9239211923086e-05,-0.10905897916954,-29225.135981242,-467705.66847515,407984.46393969,5.9912412974151e-06,-0.10905086585126,-29359.985706773,-471083.38149852,410964.7935613
1.680172044275765,1.5849281161011102,0.35333372438942146,4.872622510432185,-26.381211888311345,66313982.64767968,143667253.89190087,0.4984157918849228,42795.08273090288,0.0003827017139351,-0.08582219821091,-8664.866548017,-202514.14025005,185739.84225235,0.0001556171545582,-0.085805489288322,-107119.3750006,-193547.87052045,117930.57085145,0.0002694015545344,-0.085693281445453,-66695.080909362,-317630.03386404,254026.1452611,0.0002689019808456,-0.085934318057265,-66904.787820268,-326573.58448784,261255.52583676
2.488528897333701,2.3379292606185356,0.26214280125873857,2.252403800782422,-38.299824296417746,28352735.681787137,125783915.05515379,0.4409143473102245,38049.66554628461,2.8596225468139e-06,-0.44357184981895,-1395999.6833012,-134369.26871193,1204739.7378251,-1.1534207476724e-07,-0.44297027145265,-1605466.6125343,-169610.0586493,1375562.8242477,-0.0001151526934654,-0.44328791269791,-14423.953101161,-261337.11271534,239262.31555534,0.0001179874645113,-0.44329091676257,-14207.118794401,-256919.98479618,228449.83574093
2.251747378975689,1.7347778383781527,0.16768386186933254,1.7836085453518233,-25.481987327579635,57767916.207747914,146357774.49053055,0.5428060123138163,28696.309131678077,-9.1253162192074e-07,-0.092942290704122,-3423226.7707593,15826.263640926,3148850.6032988,1.0809855417122e-07,-0.091826677968946,-3558259.2508629,9337.0033380731,3267928.3740261,-0.0001961816889854,-0.092397106631104,-9797.6991028937,393494.94445457,375825.09766438,0.0001953881715328,-0.092395620267382,-9457.4074488244,396250.50584677,376794.016684
2.101607087673163,2.006168044184982,0.1603569620374194,3.0893816692852325,-25.034725481272528,54646811.34371041,50049277.05946106,0.5509237770782571,55416.24596468532,-7.0659880561469e-07,-0.099497358428519,-5541275.6887453,9682.2572736726,5085639.3182517,-3.8213129797077e-07,-0.097848955322876,-5779452.4545386,3379.4359307922,5299390.7191428,-0.0002738924036765,-0.09868959256933,-61837.233341841,-366022.79279129,293197.01916928,0.0002729316908878,-0.098689228290951,-61878.098255775,-366675.31176577,293751.80600606
1.5715282595067104,1.896995976871542,0.17926418441417394,4.57553492803129,-27.68400416351036,34632793.57870197,81853787.77280131,0.5804266264586445,64141.41099998144,0.0002967668639126,-0.18963130657315,-83147.398114845,-389580.04358597,334062.19679641,0.0001511349571591,-0.18958229114257,-242961.47477156,-365187.20507908,241247.74732826,0.0002258519016177,-0.18954608059618,-113265.80364079,-768211.20268853,680646.04967065,0.0002220419151324,-0.18966722457609,-117362.76199025,-782250.95698148,690295.79895349
1.55571586956816,1.816558262175318,0.1719760951653195,1.2318158414467315,-27.926558734694325,58050195.09768876,145539042.52575994,0.44337204108069134,41846.46658344414,-1.6410409816967e-07,-0.11980462574775,-1570954.9078558,-22414.972530052,1423719.3845795,-8.8740131983339e-07,-0.11956748984509,-1916556.2641207,-35897.40519887,1730822.4292995,-1.6206930371217e-05,-0.11969725546381,-25676.074672625,-693637.97352939,617499.38638051,1.516760078325e-05,-0.11969774302838,-25653.081475454,-693350.84012932,617253.01973481
1.616178043434345,2.502464612440372,0.3959286469886536,3.6434551073258223,-30.408902043852386,78697672.45342056,130942829.67989089,0.5207631210314178,18204.894032055203,-5.5862980220981e-06,-0.090938462351402,-170705.22337872,-87717.579013636,105721.541893,-7.9564436437516e-06,-0.090912244495343,-287397.31889782,-130535.66169516,184870.38540213,4.4619425186711e-06,-0.090926432396038,-27034.174845066,-494779.37782586,434366.35136497,-1.8339097216365e-05,-0.0909278039953,-27443.535487973,-501102.8482292,439867.62566215
2.6434803859919827,2.9565861675338,0.3417874328059419,3.9426402456070138,-38.81760615080066,33068978.343048077,142963243.55958295,0.5766239524720971,12740.073817539422,3.1252667229207e-06,-0.345636516235,-1530517.4134532,-90798.338158834,1339338.2494473,9.1760238827618e-07,-0.34523813406312,-1935662.7300739,-142567.35522553,1673431.8976469,-7.6874936061576e-05,-0.34545502459009,-30327.52677218,-258791.03594474,216405.38618548,8.1395889303382e-05,-0.34545715517068,-31172.112041701,-254153.02341655,211588.72220744
2.2340386174294915,1.768503626438338,0.2662442441052829,4.078888000404971,-27.50466176829375,52818801.003932945,98172031.1742455,0.5283717393167936,17140.18443384335,-2.9284250293352e-05,-0.10969690026941,-22962.493351294,-54347.238538387,35755.008182955,-1.3603059286292e-05,-0.10967667204081,-112762.90472174,-87419.168345372,64320.825070692,-2.0575505413086e-05,-0.10969695390597,-34027.561530341,-381910.61780884,353213.35962677,-2.2225899706537e-05,-0.10967741580333,-32087.052494138,-382788.41858953,352493.99191752
2.42364006161534,1.5678637087244187,0.22913358907847925,4.180397726646424,-27.71106487359002,53298630.30770888,53318387.411457345,0.43999891794350293,63496.678490890954,0.0002015949598648,-0.12956400261675,-100221.45378637,-90317.951136583,57801.673024481,4.4585921823403e-05,-0.12952900853811,-173454.12830296,-112224.37274589,100950.92386687,0.0001259857146827,-0.12942495360491,-90139.107542583,-750639.43380718,686227.27373474,0.0001203134429659,-0.12966873907177,-90195.030445656,-737166.35007294,673975.18807563
1.59432231333235,2.085053549707568,0.2145027921503874,1.8786980268594495,-20.354142675606536,61736223.59472239,100168235.35736036,0.6058365970498976,96156.1271862788,-1.0455282497978e-06,-0.068905228723315,-1598824.9279659,-167348.74786417,1348200.2829668,-2.7369804966272e-06,-0.068675356521658,-1863655.4239294,-201941.46670956,1566859.790439,2.8519556523606e-05,-0.068797904666807,-75496.17921382,-1410877.121032,1239493.0722666,-3.2353493676145e-05,-0.068799732398187,-75682.775511145,-1411606.2871821,1240046.7476331
2.9667784612579875,1.6928779795631073,0.2118521219621905,2.565956322096265,-30.769093035457576,60256938.98825032,129499903.83418554,0.5349251024115751,76233.05123161798,2.5823373638504e-06,-0.1443596229975,-2585018.0011571,-335938.19031187,2223899.1851937,1.1784968261462e-06,-0.1418747705741,-2535454.5673915,-338305.38286367,2176570.1633474,-0.0003423171966962,-0.14311180274115,74846.477144781,477482.04193824,475356.7906093,0.0003462325561641,-0.14311017162184,75151.021566905,478002.65270231,469090.08570795
1.6496653903476408,1.7510673685610638,0.3593403425477565,3.5299456018248545,-22.18433911187891,74125040.95462182,68725946.892825,0.460043905295184,99995.82320451637,9.4434243275155e-06,-0.066885174390687,-707487.86583459,-185530.92410677,525495.96092504,1.9106991773069e-06,-0.066818147133492,-783302.77614451,-216337.04676964,575363.50527443,3.9331180152267e-06,-0.066849361558657,-76974.630972558,-618646.4012739,513502.14624076,7.3500705975794e-06,-0.066856384522591,-77131.422644901,-621151.65633437,515655.64932223
1.834019331726757,2.750700863334834,0.1619202272868088,3.515736836288388,-35.66913982198817,19123028.95530209,136306950.8818141,0.5712812584242309,88636.83969299663,-7.1952541950086e-06,-0.59383333683431,-4520992.5654741,-320855.05652445,3917028.9267524,-3.100531574774e-06,-0.59269602214584,-5535587.7913803,-392860.18581703,4796091.2653106,0.0004562625039118,-0.59332657233573,-1452.9254668273,-4772779.4679737,4373509.4034691,-0.0004673493910431,-0.59332664916429,-1504.8191472285,-4776088.5940557,4376274.3056651
2.391944760184862,2.8518694590155147,0.31915355519317873,3.2091759350547986,-26.173065181431635,30189867.92835762,78657547.5935932,0.5368798303003361,75499.12992326006,-8.9966180980113e-06,-0.20119970998172,-2128309.9781164,-163339.51152712,1835658.7857755,-2.8626803749947e-06,-0.20074797040116,-2492742.4561577,-206159.9403104,2139771.9380576,-4.1189371107954e-05,-0.2009915905734,-57493.181271277,-1061326.1377806,932064.05440785,2.8812630118884e-05,-0.20098665001909,-56601.991331625,-1066493.241974,937330.86007604
2.998209080856449,2.553062064323825,0.36693645867140595,2.714745884574837,-29.95536995342789,69779889.7312084,137991120.30309457,0.5282808995783963,15679.762330824973,7.1419680443384e-06,-0.099160920728776,-1047606.1800833,-124604.5855965,873321.31561906,2.5340756872437e-06,-0.098770980242335,-1184892.4055984,-93001.837413295,1034924.434981,-7.5636190927933e-05,-0.098972056943775,-10920.265572349,15512.957339402,22955.366652982,8.5207012529416e-05,-0.098976964642029,-14662.017260253,-14795.96542313,9564.640524506
2.33028057055869,2.8859521648688444,0.19671234945172958,1.4254422201100767,-23.8602647701268,48131943.64598752,148476902.1695737,0.5411246957554786,97858.3992705066,-3.053872074194e-06,-0.11720327630736,-3823423.2034357,-131263.72213805,3411529.445571,-2.8768835957582e-06,-0.11579448842745,-4773788.291802,-173221.19389235,4252884.9821168,5.3716701671008e-05,-0.11658007078262,-80046.940731194,-2387098.5613569,2132024.3759278,-5.9341047611878e-05,-0.11657629769238,-73084.318512389,-2379139.2346245,2130112.8918119
2.8311183652833716,2.8433952328850927,0.20741321104872107,4.601660786044366,-39.738668097309954,54919529.19148824,72538633.88877764,0.46859256485374856,46199.542761772675,0.0001590510907947,-0.23837971632389,-75345.508385321,-60618.777513631,632747.58465222,-5.7711490839048e-05,-0.23818995094586,-189623.06909292,-79865.24098795,801175.77362326,2.5311519831129e-05,-0.23818259071882,41034.107838318,-1215145.924841,1230447.0404522,7.5514431914578e-05,-0.23839904766267,38599.918734999,-1237945.3207019,1245008.0064269
2.8482872424239996,2.151826699171766,0.21653070309472927,1.2623332698620733,-27.249110388645807,76158564.44083774,147478403.4263221,0.5011767799918894,16593.920604860497,1.0304139834968e-07,-0.077693340003418,-1867609.9753567,-56044.291942267,1672120.3898265,-9.636557552792e-07,-0.076737788950988,-2004271.3377228,-70311.540587995,1787296.1146232,-0.0001686836270505,-0.077234512090358,-27598.407053166,497631.92569271,476380.41839392,0.000167901549665,-0.077235661489467,-27979.587298472,497934.79570618,476780.8092659
1.666027066764962,2.83113889479902,0.3030542098142585,2.9258835966329633,-28.03348131179953,65144758.1739336,79756122.37590982,0.5336594276064287,22755.076889110107,-1.0440805302624e-07,-0.094368092375764,-343811.69514546,-67185.138841613,269433.3945719,1.1703327661439e-06,-0.094317656451733,-581609.83718702,-100788.69995908,464006.27653809,4.0350887659257e-05,-0.094348081591403,-28733.333041934,-617098.02762521,545198.42420149,-3.9264324467485e-05,-0.094347254255472,-35834.571670726,-603565.54083536,528282.27757602
2.025298469133575,1.658935466905336,0.2969760424363036,1.105668556909787,-37.64646187401698,43574181.586507045,91805820.72575305,0.6068998364429432,82471.20598308773,4.0449135148261e-06,-0.29916474972766,-1275317.7116331,-118579.66535965,1085775.9868608,4.9430476405918e-07,-0.29896449270547,-1476775.8697025,-155514.24448211,1244898.6759418,-2.8221630153181e-05,-0.29906853212209,-54901.653130787,-64103.677656182,39419.425430682,3.2779084839026e-05,-0.29907275197891,-55103.385589138,-63586.892196438,38794.62670044
2.3590483340353883,1.8873297900556167,0.25841151445972876,4.7119797743246075,-21.92503680686258,49987927.70620188,92395074.70252022,0.5632595080590048,53458.743903705305,7.2415986824136e-05,-0.078320751229618,-68281.329055125,-74680.38690077,43245.93991009,3.3356982369108e-05,-0.078283472260367,-184592.44973283,-115904.87273517,108210.90279803,5.5126067315886e-05,-0.078277927015371,-62852.870669118,-654541.07805274,600213.02243804,5.0697909129071e-05,-0.078327347094819,-58528.566579186,-667976.54569965,611212.62795446
2.1170737486760705,2.9676938029527253,0.22631836405433808,1.374234388850921,-37.7683294840796,34168384.84074255,91483031.4253285,0.6075345629329164,57649.563140840866,3.7603686369505e-06,-0.35761786742299,-1940806.958285,-57276.986567562,1737855.1601064,-2.3740760888286e-07,-0.35719289866509,-2903298.4731228,-86921.75549224,2598790.5769178,0.0001047741355024,-0.35744802325511,-19742.993854117,-1713562.3825751,1556329.8598701,-0.0001014336361366,-0.35745124640364,-19702.39745912,-1714150.1809745,1557359.7883814
1.72753140650615,1.576913884148059,0.2612057799130931,1.0826494347753235,-27.19118347180386,71376709.23808303,73209866.59652255,0.5593304664915233,51252.10648216034,-5.5223771872544e-07,-0.092506213211919,-786970.12670025,-77837.930713084,666685.003589,-2.1311837022175e-06,-0.092396408874868,-920121.51916827,-106011.54386457,769322.77731073,-1.7410472410657e-05,-0.092454133615802,-32961.065154813,-208987.90099638,169012.15737446,1.4746081792342e-05,-0.092455855553995,-33248.538417684,-208283.60812608,168171.98163509
1.7636121588569926,2.6122979952929413,0.18823139893102903,2.1887717119668233,-35.99360448936938,41771672.97630112,115559919.31434263,0.5319530207482599,10240.257654487621,2.8966653692753e-07,-0.23926074728965,-1172636.3203645,-3903.3205848012,1071930.3758679,-4.9225866398425e-06,-0.2390236332755,-1674689.2890772,-11270.17875882,1526775.5899557,-3.0947869906538e-06,-0.2391601479227,-2121.5819063499,-701039.18965852,641161.03941229,-1.8768104771135e-06,-0.239163337518,-2081.3164001516,-703191.61658251,643153.410615
2.311091465013646,1.9455249035173425,0.22376752185656507,2.3842853032315174,-32.18600887055419,16717260.14455609,59874037.458262846,0.5522240938845344,21664.381314961356,4.9866168582477e-07,-0.49054622347866,-2288460.0409266,-9372.1707849548,2090677.0343922,-3.2441994860928e-06,-0.48994289215259,-2620706.6736904,-22014.979432738,2386109.3956364,-0.0001280452565374,-0.49025954871537,-48449.467999093,414484.2902794,416153.10456731,0.0001253565642109,-0.49026382770897,-48431.040125262,414744.73996709,416372.86078593
1.9962792345844198,2.9935849681381335,0.24261717359445822,3.3387593334053456,-22.483322444395196,23758636.97747843,54313405.60319852,0.4573082417280428,14034.361405542506,-5.2711753680166e-06,-0.15692812433231,-1193521.2495523,-95159.146111943,1026802.8988099,-2.2596148608241e-06,-0.1566618001395,-1801782.8973692,-149290.19445022,1546172.9901786,6.4492706589432e-05,-0.15682172881475,-39162.930100838,-1150465.1880006,1026552.0100777,-7.2193194852229e-05,-0.1568199438653,-37751.890236528,-1188096.2462997,1062123.6191798
2.8103794727616624,2.140738535374726,0.184325628896513,1.2098176414698194,-32.60109286494711,72437496.64439845,116743959.78081253,0.5855167821271174,97315.23265969109,-6.663091962461e-07,-0.14237564984326,-6909257.4724978,-6053.909892157,6328088.8346266,-2.098012807423e-06,-0.13921740551342,-7028884.2491618,-11781.565527903,6433605.5738626,-0.0004378806870459,-0.14081514377044,-72416.027484997,-149194.76787318,124944.93280616,0.0004348663857781,-0.14081882630335,-71048.204940791,-144361.99542315,109208.62728995
2.8778487095421372,1.7943081925863384,0.20176131666431368,1.7617333091059781,-35.514398213040394,39272067.62281929,102577577.65374288,0.5729644971812989,78643.92075458498,5.599839684425e-07,-0.29304471576763,-5719228.7650943,-99787.443168818,5181606.1400813,-1.1035043410389e-06,-0.29002302555144,-5792457.2222516,-236403.33598094,5140400.1751195,-0.0004521419130639,-0.29155788407119,-48868.82767223,1924796.2173522,1807526.8108618,0.0004516066331784,-0.29155934380614,-16888.424667696,1902983.4077933,1756826.3546569
2.6762525944416757,1.5419237494046236,0.30088552416295833,4.035739800513928,-35.052996749736494,15124768.649222227,56331824.9311851,0.5994903792312514,51919.39116699731,9.0434499695172e-05,-0.67866392581651,25231.280736851,-40011.16949456,259694.05269895,1.1257608829941e-05,-0.67861244720153,-53534.263628794,-53893.142281669,307686.56046401,5.0924519232622e-05,-0.67857098942661,-156200.13769747,-443630.92431652,415082.39287282,5.0695022169391e-05,-0.67870929678937,-156531.71402922,-442948.24984955,414123.64193117
1.5587359356476382,1.7009178006861116,0.15605716480993514,2.004904898597184,-26.99981799362023,56560009.43945908,149919246.37238765,0.4622357835679533,40063.58640572948,-2.4821025494648e-06,-0.11216309259034,-134726.54394236,-67154.820714329,92941.883537772,-4.1214013483321e-07,-0.11187189077926,-142762.13920999,-80673.691995533,96465.93308891,-4.0715890693621e-05,-0.1120257000899,-30619.217766984,-615522.98167876,542468.64132991,3.7791991239462e-05,-0.11202347524715,-30519.962094191,-616029.78207813,542974.92259212
1.9196442433804068,2.3171826163564964,0.2935791237776738,1.147950676625763,-22.003818943353625,74654444.36849783,108116763.59364855,0.4891268376722983,48770.40216034021,2.1694973549773e-06,-0.057902192893567,-815683.19401499,-62767.728438067,703299.60972976,-8.4620508998974e-07,-0.05778762618205,-1108559.7300767,-99451.225198752,946094.5841179,2.2876495529487e-07,-0.057851290662048,-29405.362387049,-567162.48763017,499051.92616038,1.0525057996343e-06,-0.057854011326835,-29702.585080794,-567706.1099486,499378.23604961
1.903761756273542,2.0390997449238366,0.2448018587198098,2.949730160828638,-37.38181629962193,52204422.7717226,107324995.48182482,0.5701654671846614,18535.90163695073,-1.2196629169558e-07,-0.21084571239876,-597509.59509115,-105751.94606581,475269.50313113,7.6891451219022e-07,-0.21063784186429,-700229.22352619,-131808.95867473,551934.84812965,-4.1925165470143e-05,-0.21074826758415,-18482.609253841,-318464.87881728,278880.98576815,4.2559159402603e-05,-0.21074743255098,-18515.990913506,-318607.75205331,278992.21756332
1.5378381236917114,2.3427321781898147,0.15811152851781118,1.6810214942073252,-24.171400626335945,51067161.95992642,111969162.53882511,0.5838289226029265,8727.613531167417,-3.2899209806929e-07,-0.087497730276144,-825783.05105658,-41621.035098819,727279.49032318,3.4645055837386e-06,-0.087279602026333,-1216423.9411236,-66232.392135691,1067923.1046221,8.2736897526766e-07,-0.08741029481514,-13264.508496456,-561005.36860898,504819.62059221,2.2205476314908e-06,-0.087408072309619,-13336.325760567,-561500.55769409,505143.69895537
2.3311175178841665,1.7078702529065581,0.3090610995279079,1.6543460462326793,-31.499997467374655,68505734.61313912,66058561.711642906,0.5831759632993099,66325.1206711314,2.8040499673496e-07,-0.130983809684,-1524819.0495115,-80158.907961175,1340614.0780903,1.5552793256984e-06,-0.13067801719448,-1665952.5459174,-138676.23850808,1429381.687057,-4.8626394221779e-05,-0.13083687989959,-50882.06802232,272521.92184662,287999.56140017,5.047250429573e-05,-0.13083515501083,-54077.896526234,270124.57239769,288175.23603333
2.7058880799021128,1.9155514595827507,0.19141351258424297,1.4314487083361895,-20.678704000337547,44572632.68816002,145319369.79052937,0.46737961278796947,58613.80016385713,-3.3541719518977e-07,-0.089978871717369,-5198552.1638708,-8375.0344500944,4758531.4332644,-2.3937546498239e-06,-0.087811007884995,-5538849.6153208,-18307.051599106,5063275.4349619,-0.0003515600284462,-0.088926382437612,-73816.487262815,1255650.5371791,1204758.8763665,0.0003486111490428,-0.088929279997594,-71401.826906951,1247901.5538074,1195863.5548895
2.8970226730705395,2.944354810492876,0.18646736398615157,3.234686081805947,-33.2382613034329,21787309.5355537,67942072.59333271,0.4577991774910905,44020.21485942183,-1.5856236582862e-05,-0.42478647144562,-6872019.9248045,-262079.45747325,6111486.8690454,-1.0305650090071e-05,-0.42045282978421,-7832540.569508,-244914.58739064,7003652.2012188,-0.0007058610584284,-0.42276092209403,-47512.620439662,-777401.97331019,678826.1404188,0.000678763258377,-0.42275363733197,-47573.703264086,-780980.19338073,682059.90555627
2.7361678090608965,2.1145450215175785,0.16576755463056417,3.767724193543899,-24.343774638529432,36588208.89125948,121647595.91951936,0.5631478229096961,56527.208198372035,1.1285541658877e-06,-0.13847415540095,-7410433.7572611,-255220.98529822,6609596.783532,1.2372421162626e-06,-0.13368525213612,-7477995.3140485,-263121.74544779,6665914.1595371,-0.0008180160990277,-0.13609025130925,-97717.386158579,1665711.8330448,1598173.8346017,0.0008205271507599,-0.13609179140443,-97787.678157472,1666197.7514392,1598842.9008723
2.542185145391949,2.457350685125439,0.38961277777393577,3.864749695957425,-39.180248124439366,59948953.18895968,67036322.20797545,0.4515957117871288,72420.50409911995,4.6033303385808e-05,-0.23058884687516,-1722980.2285791,-161746.17914453,1465633.9103381,2.9716380189139e-05,-0.23027052657682,-1900416.1533825,-202887.01924068,1599929.0449502,-9.6636309850267e-06,-0.23042706751761,-69490.193516233,-391115.20485999,311150.35898466,8.558454941203e-05,-0.23044380879771,-69024.410634427,-384180.48436365,305103.91248831
1.9927044963332434,2.6239578432590402,0.28385203833125416,3.453082306130613,-21.674855009564904,47052834.17126335,121473221.85289556,0.5546654208668697,6371.046809506486,-1.5313033460759e-05,-0.070797153667767,-864746.49337895,-76470.371278081,738758.80621062,-1.0836100575536e-05,-0.070627202526501,-1158941.4029865,-112707.51964022,983103.47713397,-3.3922816028924e-05,-0.070723943854983,-20582.18574636,-441399.4265866,390018.34724853,7.4459897437886e-06,-0.070720483784005,-20462.026822041,-445020.10619291,393410.97650728
2.125298866084889,1.9846298841915373,0.3475069960442093,3.664371016888268,-28.17489558123533,65690453.576356836,83848015.3559516,0.46986189772491543,84157.52858429741,-2.7175429811891e-05,-0.11325750806689,-1508221.5266292,-171768.63226383,1262376.0006682,-1.5421433559926e-05,-0.11303992185883,-1602512.4178573,-200750.75403352,1329081.8682141,-5.3474869034232e-05,-0.11315762832991,-67187.090623609,-370719.86234908,293925.4003111,1.069130598269e-05,-0.11314536230652,-68247.108195924,-374895.95330455,297052.12547589
2.4070111258509024,1.7202080912274744,0.2528905450074416,4.257404094974983,-30.825442840492173,28271525.6398512,135229246.89408556,0.5256532740931232,27343.63083346141,-8.6309909422847e-05,-0.26491438619335,-43371.631699221,-63775.11867545,36687.733284289,4.5225505412871e-06,-0.26488842872807,-131338.43946686,-97308.166690922,74976.305338271,-3.9404814913502e-05,-0.26496538383316,-52484.632809665,-502917.18398723,464219.08027061,-4.2283124056287e-05,-0.26483826518453,-50024.261103466,-500796.86436097,460684.65382758
2.6349860738659405,2.822962010049474,0.27034541967018216,3.2474089454509363,-36.73107124947306,21016461.810875796,102088814.71145244,0.4535378658231808,70588.38683316871,-5.0489875559271e-06,-0.57302555834357,-3838726.1013737,-183316.44547921,3388562.0954585,-3.4993727412968e-06,-0.57182250297027,-4395240.2626065,-224495.930241,3869517.2044128,-0.000182842740992,-0.57246118858421,-66041.240489469,-843923.09179446,727146.73871602,0.0001743250778354,-0.57245901455001,-66291.626092066,-844476.6534591,727571.60303202
1.5077845069555769,2.481818482910504,0.27205857297060565,2.2079286784794467,-37.16780689140981,70494301.9643795,81308166.69883475,0.4664615481636689,32828.85204063949,-2.3833934998897e-05,-0.16496548842814,-344866.53412285,-64697.081981381,271970.7461316,-9.8545385083037e-06,-0.1649235987878,-523975.59433361,-92690.74566121,416809.7022984,1.9720579266264e-05,-0.16495207986385,-36782.207719101,-601444.59262501,525217.50744627,-5.3405317666386e-05,-0.16494391163534,-36724.349567522,-601240.16786315,525072.86920337
2.5251295204144224,2.320680988092798,0.36868606358990363,3.3827234032487885,-22.891072988483288,40270248.556490004,148124318.26262754,0.506301009448507,24619.460193126906,-1.1200768263684e-05,-0.10031211372755,-1365167.2319834,-82603.293755582,1192632.654853,-1.1282460927232e-05,-0.10006586684247,-1549390.5878614,-112722.000565,1340391.1024503,-5.8605864965621e-05,-0.10019519997809,-36303.518950018,-16056.057168009,24880.455219563,3.594899813933e-05,-0.1001950368724,-35082.364615968,-18404.304711991,23227.61749583
2.576831567573319,2.2521387871947933,0.3540335500591938,1.5911510819621741,-29.413104514608243,16158831.143372077,96844696.80206573,0.4926799349998297,93111.26967062475,2.5609543145774e-05,-0.5171389191294,-1921438.4914578,-131308.40301216,1668144.4857708,4.943707752044e-06,-0.51672785125454,-2252170.9148184,-168634.10403804,1945328.3561307,-5.2178349503397e-05,-0.51693508935645,-65417.176527378,-102075.70406664,65730.760406069,8.259483437023e-05,-0.51695878299082,-65570.8981494,-104497.84504773,67073.277372194
2.71716078387346,2.810388778928449,0.23262337932419583,4.939699245466794,-22.938923489866177,37977880.48822047,110579948.7603808,0.46535844388075537,19649.90935199095,9.9317995222258e-05,-0.0978040862604,-24973.808198173,-51926.975518524,451668.43023106,-5.0497748105395e-05,-0.097670425800021,-178998.57797678,-76040.165734722,628157.32306389,5.0875583087843e-06,-0.097671007951369,34442.343489836,-904764.49022173,921268.44665603,4.3615686056861e-05,-0.097815618861526,34572.919038945,-903642.05567292,920376.26875988
2.786352833062418,2.5348549621265932,0.24028661445658675,4.011950757900024,-38.366846827383064,63275100.06493956,61770623.28799237,0.45579983404442065,58229.17571632028,-0.0001843954336831,-0.2018988188976,-42989.634737767,-70281.262499378,602990.29288161,-1.7909879146591e-05,-0.20174102124756,-134233.44109816,-90254.805807534,738146.7754672,-0.000123359376805,-0.20191575066529,54670.624802008,-1109685.2784064,1140710.1377483,-7.9344678817135e-05,-0.20173350681277,53946.851292752,-1116520.0824787,1143783.5791763
1.8069908564171757,2.4759621965415097,0.38461219094677923,2.3503978347385015,-37.978886855960134,22922412.96633974,70378332.80322087,0.5665140511605211,85897.61987614568,-1.6075601678386e-06,-0.56893404098841,-526133.37759225,-129012.38336924,396116.46323197,-2.6635150723067e-06,-0.56887414276951,-674479.85259014,-169550.87499736,505301.75522162,1.8014479305806e-05,-0.56890648351218,-48067.123354797,-915524.20155735,805068.17775888,-2.2308985571287e-05,-0.56890726261636,-48087.037609006,-915917.52347838,805412.59275143
2.0604077651521564,1.964070217643924,0.32530537748804816,3.822758506356454,-25.89576776014888,14177124.617600128,132707797.38419148,0.4712239465059028,7516.72855733583,3.5671126759444e-05,-0.35476035505678,-999493.68341821,-75628.987330567,862655.48088416,1.9414893452905e-05,-0.35461923442041,-1221159.2074031,-107650.50093457,1043476.1151676,1.4503576391535e-06,-0.35468665371931,-32977.035081639,-92744.668897274,65475.147230015,5.3680765237006e-05,-0.35470365793771,-32919.540514555,-91936.083730069,64789.149609516
2.984645356822444,1.5008032544124328,0.3364450590579866,4.73966862753109,-38.10947046793797,58918986.30146905,76886635.36922655,0.540215017425653,90062.44369728409,7.7476958682313e-05,-0.22084173498484,40365.613450614,-54884.087637304,352513.80233002,4.9062879651419e-05,-0.22076606511133,-10389.516401037,-86530.247853643,503851.15917584,6.2569608333763e-05,-0.22078126199708,-271769.57554851,-502572.61147292,478345.28115324,6.394528803193e-05,-0.22083837362573,-272275.74607292,-512891.82618648,487224.35000663
2.042200848671295,2.2824424387521765,0.33263214709057376,3.304288324075009,-32.40309989025051,17946809.818371262,58792913.80736102,0.4606408154107592,23961.972820700168,9.9363922274569e-06,-0.47327645365383,-885236.46673329,-100559.72331473,741127.76672817,5.4397927033972e-06,-0.47313940738415,-1090672.0440369,-138701.82016639,903181.75858759,-9.8528926438884e-06,-0.47321149703366,-36128.395124484,-384017.25635768,326892.54752035,2.5233827172668e-05,-0.4732157125615,-36103.443719042,-384063.31657109,326963.81847968
1.5345606762356323,2.701691890853742,0.3565016940645635,3.979607892735232,-31.349682675097736,12770119.939035838,62881335.78172757,0.4842933069194072,85035.03274592411,9.9066955839444e-06,-0.6974144051342,-90685.959887105,-188080.74093464,118778.42066778,-4.0520779606737e-06,-0.69738323113795,-276618.11597985,-251989.27983643,160028.87958681,9.0626345943486e-05,-0.69739851434822,-60676.526904457,-1691599.850122,1507358.0735867,-8.4744161063221e-05,-0.69740658359306,-59849.769984073,-1691298.3077932,1507676.273647
1.58534510245,2.977100197689027,0.27815089215646305,2.2672874047439966,-23.74129217197361,18185038.872639198,51076358.52395181,0.516018108531006,81989.2106970852,-9.7644362414871e-07,-0.28918491394042,-208972.29289973,-150414.83792355,119147.18537528,4.1002285399735e-06,-0.28915515358906,-394364.91112206,-210558.435728,241397.01755989,0.0002073546440619,-0.2891784683954,-91269.499418489,-1489622.9048819,1300714.138838,-0.0002042492011584,-0.28917598368303,-91437.443826481,-1489566.763248,1300544.917299
2.350181127295805,2.1683295185413805,0.22301954851903905,4.650877579833625,-39.23369756120269,10449352.745917507,113288320.5224224,0.6023599394230081,5585.707395032783,0.0001158260095925,-1.0925155833929,-92464.617678277,-59930.866414029,53703.198856816,-0.0004335605279372,-1.092473906242,-203677.81451902,-103558.51153007,126552.41999332,-0.0001560669274287,-1.0921976423638,25805.712158007,-681470.43882242,643924.57541428,-0.0001616139463195,-1.0927933655242,27413.988310221,-674522.02222284,638680.03273337
1.9809559249485003,1.5935766985717188,0.37001186433071453,2.4422761125616423,-28.63749517868547,24165256.308576316,55251581.587352246,0.5959363928455748,45390.94271082407,2.099847121279e-07,-0.29048282477251,-708083.65431901,-79662.077439493,593326.62023647,6.8781335041017e-07,-0.29040764189696,-765416.41912362,-102343.6095037,630493.92153937,-1.1269684366378e-05,-0.2904466370535,-30834.064637877,-156707.52383531,122787.96847355,1.2167145467651e-05,-0.29044603460917,-30920.422304166,-156621.17262045,122639.2182292
2.6884152968684614,2.54980869459349,0.2807825296501336,1.8435495743343333,-30.481063073156694,61209144.96936318,63938168.99990177,0.49417462406245094,35675.5445924148,2.448334767348e-06,-0.12622310385597,-1900095.0477592,-83144.085384161,1682255.3209483,3.2119251486546e-06,-0.12559948953094,-2226966.6767055,-117857.15105392,1957334.9111584,-0.0001146501318707,-0.12593369613935,-26395.684294208,-102846.0468284,76772.093985789,0.0001201182888984,-0.12593300744814,-28307.88688818,-107888.02642277,81463.079838634
2.2006939939442205,2.1801863111957074,0.371933523829056,2.8986229171322226,-26.102095545640054,39703560.28939244,53062953.42775818,0.4378795831015745,48283.630354087036,-6.2100780631164e-06,-0.15100212151392,-678746.47221114,-120731.56739118,541483.13130714,-5.4987038404088e-06,-0.15086263424802,-757599.06393348,-161543.37428615,585231.48385081,-2.6390296806818e-05,-0.15093583252493,-41900.171699727,-347975.09754623,289858.38203889,1.4674873576433e-05,-0.15093522019152,-41838.452281628,-347924.90819448,289856.69017881
1.8476089788703407,2.1316884864627483,0.29113313435916266,4.829121820304935,-20.214794846162963,63481281.127292424,127134023.35791121,0.4794104063354956,94031.98289447326,8.170673737051e-05,-0.058445781019097,-143260.69746825,-276051.30537204,179052.47974536,-5.1810180542312e-05,-0.058393058097838,-241688.12084554,-288544.76645767,172196.68042798,1.6037329060823e-05,-0.058362243764122,24498.944502727,-888309.81562622,832015.1719985,1.386147566698e-05,-0.058477583156948,26131.709690047,-891390.9365804,836018.23354798
1.8117298029693123,2.78746993398576,0.24901041720791245,4.3534624652941165,-36.430158239432366,57104491.502359845,75070798.89972264,0.546966395987865,70854.11044486509,-8.978667731571e-05,-0.19892408427991,-158051.03304472,-299077.94935596,202700.49029857,-6.6770243530334e-05,-0.19884915186177,-265782.42541236,-322414.36951729,209220.47206134,-7.7763790657358e-05,-0.19889517110837,-2505.8995235235,-912701.19458169,835071.72121513,-7.9192338155008e-05,-0.19888071731472,-4021.9731801504,-919419.71251097,839960.05215931
2.591596070307224,1.9305855969437398,0.19586658816083047,1.708875396014122,-21.719760271049513,76661785.08074643,108570013.18418637,0.47493238925014847,74452.19430190515,-5.5880584649365e-07,-0.060322532402757,-4104330.3486894,-145173.64645933,3658129.036678,-1.4813852053899e-06,-0.05845023770212,-4202866.8555743,-157596.97416641,3739633.3377853,-0.0002947042346806,-0.059398947334278,-42805.515682449,301350.06257499,308788.17376798,0.0002930702413466,-0.059400195176176,-43012.947308062,310621.35470779,318022.62530052
2.6945792205210597,2.195382751101198,0.2502339120503638,2.803721455537314,-39.925695305669144,13369845.009720143,90206818.47949785,0.5232904995182728,89561.58937027575,-9.7007114401716e-07,-1.0661016720042,-2635246.7930579,-278530.20671457,2220291.5111103,1.1002817841481e-06,-1.0644265509829,-2889575.7450491,-318410.85345497,2425772.8197886,-0.0003189043173552,-1.0652967973024,-19088.67067824,-190824.23355429,163863.57438628,0.0003190483991073,-1.0652941199464,-19051.297130103,-190703.48290274,163855.31051751
2.8257159796522524,2.043415692797561,0.37333543742438263,2.0523662327440513,-24.784594227255496,54043786.03311,60197230.48837873,0.5202921047964826,33862.134897148244,-1.818779814978e-06,-0.094291732962024,-895254.06860359,-101755.82251998,749464.40022013,7.0845776970865e-07,-0.093999292527337,-976456.67303732,-129792.95473333,804844.90565912,-5.1789919836672e-05,-0.094152205919308,-23546.394058702,59894.247566096,73940.767380486,5.0735259908233e-05,-0.094148990745005,-21854.106109131,66017.850259867,77248.401949223
1.7148790998420498,2.2647771630727984,0.32329313252213837,2.649396003441536,-20.81832807516918,67287600.93059325,138783854.3278861,0.5358369972607175,81075.55788010177,2.9010778736632e-06,-0.061180560438429,-511617.92973529,-161349.04951833,364394.87282253,1.5248537882734e-06,-0.061097976871095,-600521.23632238,-196861.1466546,423648.17630809,1.5716833086285e-05,-0.061141339220305,-43226.67338069,-904631.21441257,798395.01635751,-1.0890953117656e-05,-0.061142421528246,-43126.34853973,-902071.62167293,796113.30852335
2.158437907274233,2.3022964585773855,0.3515447265754795,1.5422398159112922,-26.522170305014328,19621710.70375511,74490098.84572726,0.5930222015325346,508.09403522392097,2.7351725498905e-05,-0.2684686836075,-476664.77573749,-28787.769139171,416460.98816163,3.0310853177827e-06,-0.26839245510308,-665451.43270753,-62513.387882589,565990.87202739,-2.094287442488e-06,-0.26842438413071,-11413.422378588,-34910.152911307,26823.580745335,3.2536104063249e-05,-0.26844713467599,-11343.981172735,-33639.493722949,25865.321572075
2.919751172401664,2.108727729861247,0.17673283749018304,2.5152767826769153,-22.443236315679673,17388708.192453813,132152239.92181118,0.5816436668656341,65752.29822971807,3.5689307871968e-06,-0.26081304476036,-9141537.4515557,675116.87166123,8872781.4999667,9.359255856752e-07,-0.25607248731248,-9841753.1170651,718242.40768254,9546024.7959619,-0.0008321384114492,-0.25851823567958,-193480.71546309,2513966.802669,2446116.0381482,0.00083668370982,-0.25852152829936,-193489.63618816,2514261.104606,2446391.4251247
2.0715182695240757,2.870083386463217,0.3499131286211742,4.492877189528421,-36.301435745790094,40879412.73805626,118849610.34105492,0.45057491983937575,67498.12593034648,0.0001626637308527,-0.28402787410042,-211129.63085019,-50929.178658719,159465.60841466,5.3419753340529e-05,-0.28397332620686,-318311.34116613,-109442.36895022,221782.20021656,0.0001158394444085,-0.28396313621876,-6286.9644690139,-690943.74886662,631730.76304535,0.0001000438202756,-0.28404161206165,-6541.3976030112,-693486.91043996,634072.73739603
2.6273679928895244,2.229636882085301,0.2194678638514142,4.203026404505648,-21.07454901665396,26163341.01678987,63113077.590178475,0.5309346380580962,1432.4665108247652,0.0002021560000636,-0.11506021064757,42993.680287677,-29875.657962094,278764.55886813,-2.1755378338484e-05,-0.11498766095417,-80016.944193934,-48398.968721809,392744.92980697,8.8643957858004e-05,-0.11489571315046,83741.921051671,-553226.42074428,569403.04524184,9.1526646321657e-05,-0.11515966973441,86376.321356169,-555947.62983302,573930.49334194
1.877256155463738,2.9243896355300256,0.194044273290951,4.7893600936060885,-36.0948855660119,33400265.321837276,141411298.98202515,0.5949379503650336,30645.91382693672,0.0003633318442521,-0.30377805353527,-136082.87037785,-254060.36375992,175969.44903386,-0.0001675578225152,-0.3037000000521,-330601.96790295,-274543.18673712,220747.27345984,9.7933832553511e-05,-0.30357164340071,-4688.409580525,-896409.86002506,819852.82211307,9.8530854495672e-05,-0.30391036308927,-3661.1181340736,-892846.35701237,818042.51796505
2.378631540486983,2.358643524691601,0.1812785972547699,2.3139682196027684,-35.2878850210905,32397385.788385715,124799988.48327382,0.4911816198472663,5225.5280557584365,-3.8305990567454e-06,-0.29577646502484,-1058457.7842409,-217584.74691294,870869.73928984,-5.4966090315008e-06,-0.29482959540194,-1261958.6627959,-267934.67191058,1033227.127253,-0.0002155322067291,-0.29534006687664,222.92613487333,-305841.02752707,280878.5870144,0.0002062271136755,-0.29534062460873,-117.83161251439,-305253.80623182,280434.37532453
2.4122130131914834,2.098607823029496,0.3982766883030315,4.473833980133852,-31.117621509407893,62313434.63442495,144477313.79050303,0.48363107061501587,15038.569769273749,0.000104916819088,-0.11974262873923,-39278.920065839,-91031.777469811,59474.348292006,5.8421405702201e-05,-0.11972082451636,-99034.861570106,-128459.25387816,73117.36670645,8.1117413710855e-05,-0.11970567460084,26663.722449903,-418090.77174316,402720.40563207,8.2305444498574e-05,-0.11975922958679,24979.747901685,-421613.60731305,404756.12886966
2.0164008580035784,1.9533433245999694,0.169516664135765,1.1577053803121362,-28.975280330113318,20483388.24922964,57501225.84318027,0.5614877339133098,78337.49687472929,-6.6855029632686e-07,-0.38361095757146,-4580184.8447703,-48508.373431158,4162972.0788961,-1.7829854413128e-07,-0.38241045596048,-5517281.4262199,-70910.401753891,5005772.5484777,-0.0001851012358722,-0.38306137188225,-57370.967777188,-485590.01350941,405707.70022327,0.0001845049595215,-0.38306225626649,-57747.893324188,-483437.70520633,403529.4560019
1.7314613191060673,1.6743693596699356,0.24658200247436982,2.8302257993449933,-36.998555063924904,19945521.56436327,122664178.45109454,0.5746183540250969,91437.1116670061,-2.6861077265988e-06,-0.62947371976487,-1008553.1188459,-204309.90700469,785810.85952226,-2.0273728548333e-06,-0.62922507105869,-1100429.1896743,-231892.1258862,851777.41229905,-4.2260352379431e-05,-0.6293538405433,-62581.333409475,-407140.39345376,330285.39547044,3.7549649393875e-05,-0.62935314396447,-62547.901156532,-406998.62759127,330165.13044255
2.756242340159209,2.054397118663319,0.17407301777002623,4.3860552146183025,-23.563627211955403,31778391.087363113,104455602.11280651,0.5119534298348767,69207.65032402986,0.0001111914193411,-0.14939685655074,1730.4805997012,-58749.323010088,719722.47324502,1.5426896018942e-06,-0.14921361852465,-77658.245507589,-73725.593032632,871924.6904941,5.4335445205883e-05,-0.149237222476,172802.66148742,-1421284.8393842,1430455.266915,5.854362330587e-05,-0.14938329322729,174351.14511789,-1409318.8194053,1420687.3972735
1.7755505387222283,2.3894209799119706,0.36476628270868783,1.9351344857872435,-31.917694481844503,23245910.86794485,66513933.77588764,0.5267647724895148,34624.150847292636,-4.1740227823511e-06,-0.36156594297131,-351259.83886828,-83846.454428239,265847.15185088,1.3243034088873e-06,-0.36152094996205,-497163.7149305,-126962.73215557,371383.87208378,5.3672857929155e-06,-0.36154840886638,-30854.90871665,-472410.79413334,411374.96374346,-8.3184773930657e-06,-0.36154435707008,-30561.41682907,-471286.70867221,410524.32532112
1.9405579861303401,1.6645198311607903,0.34525238596728086,3.0260653193191893,-23.372410132042088,77123868.50217907,129192225.62331006,0.5386032443094996,1696.5715150031656,-7.3977334065257e-06,-0.052334152395597,-456207.47158117,-61657.266740379,375351.86771446,-6.6712210842044e-06,-0.052273091839668,-518467.51152099,-84883.634538771,417004.89112411,-1.9075686245744e-05,-0.052305126493642,-16307.199256233,23351.715778617,34425.023546403,4.8960250036052e-06,-0.052304259445123,-16556.494168287,19044.904766737,30852.887292482
2.4389687452501363,1.5490287855606362,0.3369353165694954,3.331939858120599,-30.295966664014337,35071851.75227364,117969989.50056602,0.55645844825823,20774.331924299095,1.0026238504509e-05,-0.20680213604545,-1169841.2746066,-90212.376266986,1008697.7967559,2.1500271301112e-06,-0.20656840043017,-1263044.492796,-105928.79173534,1083848.6944265,-3.0474063495603e-05,-0.20668097701072,-18604.093868078,424003.41359817,402534.92797077,4.2680275463073e-05,-0.20669339412114,-18529.049880808,424332.35665086,402624.46569605
2.962143503238875,2.6415915795399214,0.32027257299704515,2.8729529213174754,-24.484973340024244,48428770.79298373,106620825.08340752,0.48562767441286947,12062.187311839945,-1.7953930136524e-06,-0.09265739554513,-1153520.8153741,-109121.58299391,980744.30445147,-1.9014410649338e-06,-0.092079538558902,-1319252.8591954,-140148.21863833,1111204.6403163,-0.0001253105150822,-0.092384031690422,-9536.8141669144,-41675.203577197,31976.635192364,0.0001220406110928,-0.092384113136435,-9674.8928797365,-39987.021312639,34271.271113421
1.8608517677494165,2.4062180834982128,0.20834624749782832,1.8123170659472003,-24.072735995809076,78949967.10289454,120505604.89018849,0.4812704694060202,79478.38918393859,4.9642716615213e-06,-0.07048861313552,-2495461.2685086,-45859.846973135,2254325.2987745,1.7925371906329e-06,-0.070066982944528,-2947981.8046804,-93302.062062135,2635392.0015359,4.0543917757702e-05,-0.070293533192732,-39506.245517001,-1666367.3773997,1499159.3861615,-3.4074429623811e-05,-0.070296776294598,-37798.014585643,-1646971.80522,1482424.5949622
2.471007605061832,2.7341509183853088,0.28759686021457176,3.895615763394236,-28.576864402911212,38542872.76803974,94975835.52954058,0.5127473903456046,88228.86132220158,8.821213119576e-07,-0.19085562576387,-3984581.9165695,-125910.05795034,3561974.8255711,7.8290565258655e-07,-0.19001244256852,-4410319.8722378,-153427.67237884,3932604.4386706,-0.0001068202571035,-0.19045299099677,-71427.652966096,-1065512.5610799,926115.78996772,0.0001085565332718,-0.19045295633473,-71250.660420238,-1066595.5132959,927253.32694081
2.9082976661577,2.6726961289781936,0.3216567101679103,3.6029803014117205,-20.08643368154815,25227809.404219165,134223896.8063451,0.48698589983936724,31985.15308620937,-1.4428718156219e-05,-0.12088168256316,-2947621.9027374,-83579.408953052,2641950.0396319,-1.4835191641687e-05,-0.12005144693089,-3404016.4695829,-111290.0972681,3040568.9300188,-0.000180643691807,-0.12049024925371,-45467.034138554,180665.13839376,200841.95099532,0.0001514523381068,-0.12049088759923,-48702.785907716,173005.25161324,196080.84077661
1.746379940790654,2.5114342796157687,0.3915227756380173,4.894152304362045,-21.403970310509585,77796764.17281438,94101930.82834864,0.5783379993348332,77182.3771429153,0.0001911394611832,-0.050068091025295,-90026.02903289,-250971.56934766,175113.92093391,-4.9628880429093e-05,-0.050024975366114,-183494.26006919,-276050.15589282,165923.585447,7.0615029555771e-05,-0.049963944743458,-814.62326367458,-616185.82998041,564315.7341812,7.1025440644092e-05,-0.050130224246439,5788.7659811586,-621084.97977858,573522.07087154
2.6651565410152767,2.696232151815326,0.26500421183219386,2.022210725460184,-32.13240467713786,69636402.8738013,99486269.87780924,0.47464223747844814,31326.805749537147,-2.162564800059e-05,-0.12252578177978,-1248223.456355,-140192.51467353,1058176.8464679,-1.3416835448777e-05,-0.12189881394132,-1453460.9293342,-178251.91525972,1222515.2330372,-0.0001319425551082,-0.12223722788278,-20909.253375798,-391670.86753275,344356.91080181,9.6246922281663e-05,-0.12223207485113,-21171.849560897,-394797.75341056,347054.33679614
1.9599386019665375,1.9813439911546242,0.23524089125509753,1.0335284027635308,-25.569618831988336,46323495.90425731,130229699.15288967,0.4775553191575655,9530.722705471404,1.8157182453368e-06,-0.1114326537357,-793736.34169357,-21007.037424669,712479.2092319,1.8097098700201e-07,-0.11127966962468,-1075558.9290428,-44785.741323956,953935.12712922,-3.1391705666169e-05,-0.11136567437225,-9669.5696310772,-55153.025470398,44874.841162938,3.3418651794192e-05,-0.11136719589236,-9701.111390651,-55026.423766348,44748.761776195
2.6162872277189146,2.7966290981894546,0.2339990554583115,3.0315037418248703,-36.52302709771748,11246308.150359454,96135978.78281018,0.5907260716028657,37019.14798975192,4.9388066463177e-06,-0.94723634203808,-4441208.5704987,-56934.841550935,4029573.1539096,4.8669137370121e-06,-0.94576915633314,-5541903.061947,-84597.008455538,5018558.292568,-0.0002649602983028,-0.94657523425776,-40621.138359463,-454264.28148859,388813.93781839,0.0002748512926763,-0.94657577972189,-36972.34514759,-445712.23218824,382824.64205939
1.6083435294873087,2.0718006590031233,0.3328155048087774,2.9737235576570082,-37.43418702674199,59245243.16813158,77315519.8030058,0.44719997511523085,60512.222102339416,1.2459627219105e-05,-0.21305006614236,-534357.73818651,-107905.17086714,416559.36250078,4.0358879455113e-06,-0.21299890733359,-630576.64266224,-135675.20602288,486352.2411758,1.6538616776883e-05,-0.21302297265354,-55427.125370827,-591231.02255233,503012.53529679,4.7359553914429e-08,-0.2130292496726,-55263.986158867,-589725.14466603,501740.39176175
1.9125668653757781,2.874084555747052,0.227069472116349,3.4663592958227083,-26.76587760473301,38137312.2553494,88642563.67033693,0.4764716101846038,71937.99413004438,-2.9092676845197e-06,-0.16680659896699,-2512025.1895639,-147156.07551093,2199450.9694604,-5.8556380228658e-07,-0.16641480745186,-3068262.5140653,-146312.02199408,2708125.8126305,0.0001990256792448,-0.16663419205896,-37045.654640085,-2679068.7389329,2428941.3802063,-0.0002023772371292,-0.16663184164125,-36969.742033841,-2678624.5680104,2429158.8364348
2.5331947823709893,2.466458927582896,0.37760611693392443,1.3603286111968513,-36.80889360149267,30684482.337025203,109684628.93213457,0.5106609150005365,47064.57229480551,3.0679612282228e-05,-0.37519351434345,-941358.49666849,-81980.399416662,805114.60202796,8.1418211273822e-06,-0.37499580505043,-1264089.2342209,-133793.53478451,1065058.2659868,-1.1985891405139e-05,-0.37509341687714,-35108.412334925,-203451.43425688,163070.04443074,5.0751286859252e-05,-0.37511647930402,-34821.240979237,-204104.72229996,163783.7053495
2.7708395778542956,2.9172957747729487,0.23844710186,2.0973498471221728,-33.661155513181654,68778906.37971997,137585900.71529534,0.4898405042553396,28372.53525591582,-1.0893777610273e-06,-0.1335285868513,-2661743.4630468,17388.170087058,2452069.5491844,-3.0673398166504e-07,-0.13257135078465,-3131327.7615085,9775.3329839362,2876954.0409549,-0.0001639945779797,-0.1330868805737,-28608.217370081,-390037.06650207,337635.38437837,0.0001624441654243,-0.13308653496258,-28559.101161456,-390892.84400377,338451.86898804
2.095499277805886,2.6769391209806317,0.24193732533994056,4.287570351305304,-39.60350774346874,29050947.716785457,112359307.09045134,0.5912872086205943,59946.43027954507,0.0001396336491254,-0.45077424604728,-184748.57464518,-62111.810037139,129477.56591441,2.4916288681608e-05,-0.45070283681804,-332929.64451299,-118584.50401383,229795.22148613,8.7100490168147e-05,-0.45069537429759,7596.9156116301,-897416.25623549,828006.18213532,7.7239795450676e-05,-0.45078514934137,7508.9469050894,-900432.72527575,830688.88819794
2.2137923363382934,2.217799177224277,0.28986416893794065,3.7112354135536503,-29.33283896265063,37401314.33717963,119359592.85775076,0.5481947229990661,86597.3112348618,1.3912149112819e-05,-0.20945556257309,-2933179.0778487,-133667.23620235,2593227.660811,5.6020215574813e-06,-0.20895320978366,-3206098.3169489,-159695.24155193,2824967.8774488,-7.2942228704879e-05,-0.20920934091623,-70268.931070957,-472935.98419412,385031.15269163,9.2675938398565e-05,-0.20921757174098,-69889.551057911,-469284.2914967,381952.65181039
1.8859363277473924,2.717298852125997,0.3929112251622785,1.3183788696963306,-26.921852616235086,29384926.664263897,88064261.99797258,0.5978264258374524,49440.12053925483,2.3950495090234e-05,-0.21445956156819,-258177.70763148,-79417.821377242,184996.76510067,2.3485111546489e-06,-0.21441854466025,-453559.28311397,-134936.81175883,327582.4373184,3.4113225202484e-05,-0.21443590239776,-32838.48065881,-657153.26151064,579142.09373826,-7.7772030526127e-06,-0.21445092752933,-30570.387742785,-654747.04171992,578508.61543665
2.1464231067898085,2.569403926296588,0.3144976752195431,2.740776094621063,-29.546372177624143,48945703.76780276,93574355.6191781,0.6035921637370316,44744.52301901386,2.7117698586463e-06,-0.14879218975945,-1205717.5795139,-35865.428857801,1079422.5870535,-3.4975477964536e-07,-0.1485909326595,-1457312.2081374,-55623.999189187,1295976.6630204,-2.1186491138353e-05,-0.14869799279472,-32513.25295099,-568524.68898942,498114.43442322,2.3514497360923e-05,-0.14870070828675,-32546.22589043,-568940.23046164,498475.51837471
2.8636011832315633,1.85288462309954,0.1897662583033829,1.5000362837025523,-25.20021375905273,50658553.68271234,82389976.13881823,0.5027304606683256,7785.331707954646,2.0913111078508e-06,-0.096910203313414,-2815509.1140857,8112.0222003715,2587020.0620754,1.2594790896039e-06,-0.095582317093634,-2849256.097919,5828.5181572202,2616110.9236751,-0.000216508265325,-0.096254440778144,-34577.20843569,1137860.3234115,1068028.8921199,0.0002199023226019,-0.096255605206501,-34245.757561813,1138258.3507217,1068093.13966
2.802737362696478,1.763613167053216,0.25474261535908854,2.5056148159942335,-33.08504724636925,15922797.599295389,55818217.954081334,0.5447170418819627,3819.3551151692955,-3.6054247959323e-06,-0.51993806865521,-1273970.4102465,-131997.15306263,1096185.5557886,-1.7179251243156e-06,-0.519227243019,-1402401.0112439,-157409.70479195,1198412.9746338,-0.0001232205221951,-0.51959758779874,-66321.848038587,1114288.7974684,1069771.585274,0.0001178883174063,-0.5195947433051,-66318.566489588,1114131.660736,1069625.6765804
2.1847816430023173,2.367425454029813,0.31121538298350404,1.9800965004670337,-32.90166168824931,14402932.902334563,51893121.71825832,0.5165496863154065,68390.18763275039,1.4695222937566e-05,-0.66552294263272,-1483599.2218733,-130757.29538213,1267764.0457687,-1.5557426382573e-05,-0.66525248484286,-1788197.5595602,-167669.86144725,1521142.3311739,-3.1650224712996e-05,-0.66538435665694,-50082.635026608,-599392.85901997,514370.86367079,3.0999650146976e-05,-0.66541283987548,-50144.605112449,-596200.60527727,511434.56734647
