input_depth,input_top_load,input_width,input_height,input_thickness,input_h_fill,input_e_ratio,u_y_crown,u_y_invert,M_roof,M_wall,sigma_vm
8.663481634110212,28032.23244845867,2.8740142062306404,2.1577893714420497,0.48203276712447407,4.136612210422754,0.34761534868739546,-0.0045295247746,-0.00428314650558,49754.68363341919,13824.639770493772,3085573.15132
4.244049116037786,362583.27551186085,2.0255713686347008,2.7984068328514695,0.31429240391589697,2.5093024894595146,0.21315068332478404,-0.0761281379819,-0.0754381175398,64710.251414287115,114.46734738192708,7405961.76684
1.3932849988341331,466345.851123333,2.376245079562068,1.7831297856755555,0.4087966901715845,3.823262806981802,0.39352752882987263,-0.117708408154,-0.117176994506,84145.1204273684,44562.181931284045,7228567.46363
6.012291486375034,205659.27252173424,1.7242744993418455,2.4230605959892273,0.22618949739262462,5.446685343980789,0.1465850763488561,-0.0394255517762,-0.0389617225337,15062.314735599472,6967.943646954038,6243615.51067
7.583376540802419,297940.2640834451,2.5888776560314,2.9252898073755205,0.17451760014519094,4.674096055328846,0.4539505816996098,-0.0551755795221,-0.0484629059989,59390.617167455894,15696.561916051773,26253369.8734
3.2147212736308575,558628.2016709447,1.5591604937799275,2.0560197522863746,0.36207650839351113,2.0470150895416737,0.07869136058725418,-0.127324537697,-0.127106944175,30369.219494899775,7746.5296624475295,6215450.25189
4.7121054185554385,417368.1987449527,2.660932479891926,2.549897810909897,0.2791989798191935,3.3619662672281265,0.30300922873429953,-0.0862655261796,-0.0830063767003,118528.76165622217,51190.4711361707,14310510.1224
9.302788130939007,82815.22449105978,2.1909686462022364,1.6814059484750032,0.4406090913340449,5.985129546374083,0.2652275734581053,-0.0137862749704,-0.0136558940614,32147.501925383873,12575.30559032038,2433366.35406
9.849302534013987,335471.379943192,2.2800336931832135,2.4667673888616264,0.32984045227058234,5.137250304222107,0.4939131004735827,-0.0544000478591,-0.0534426489576,100007.16198213147,2819.5168715797085,9683152.32011
5.431208572350442,71232.26914554834,1.821835905779153,1.5535974400117993,0.16296092122793196,3.5145640037953854,0.06597431865520775,-0.0143910356808,-0.013527739103,12620.636808390533,936.7666096381698,5447415.63148
2.4549603909254074,155116.17120355368,2.9696977199055254,2.841426969040185,0.42905309172347184,2.8246237859129906,0.31484746164642274,-0.0339929959775,-0.0333872316174,43426.66277637677,28893.223611041172,4013920.56729
7.07750270050019,495490.8264800906,1.928308925125748,1.9289436601102352,0.24696226525120435,4.451204899698496,0.22438648035749792,-0.0941764992658,-0.0925996657041,93073.08142615895,30617.11579248851,11225567.9276
6.381076685152948,590118.6067610979,2.7570737153291702,1.7314949347637594,0.2822713046800345,5.676915984600782,0.35945371906273066,-0.115861724334,-0.111515854726,187636.09860076,139965.36219695144,21743655.2956
2.008884523063898,249743.73690783978,2.0934315025806427,2.310634377412498,0.47034658053889866,3.054000660777092,0.17230950640514492,-0.0583873620102,-0.0582502834198,20435.542616893403,23045.296228252268,2511261.69381
3.6669100550934672,128357.25769400597,2.4931240137666464,2.106886947993189,0.214503987506032,2.365020800381899,0.4334899101406336,-0.0283561158246,-0.0265754357346,33654.976605708354,8110.011990820719,8224878.98345
8.256253138184547,392597.15527296066,1.656447222456336,2.6852481868118048,0.3767749350983649,4.991861440241337,0.13386811823584138,-0.0684602008927,-0.0683184721129,4972.487491040059,34932.1000195004,5176295.09908
7.999864156357944,209364.82585966587,2.4755957778543234,1.5348412999883294,0.26271841158159076,3.2205425910651684,0.19146029436960815,-0.0383427739009,-0.0365769661905,83393.33464838039,49355.34472267742,10464751.3822
3.343212328851223,468916.1505550146,1.6248184349387884,2.485318988095969,0.4460104465484619,5.597379431128502,0.34162039193324745,-0.107033877805,-0.106940645327,382.34888238471586,7879.018895093216,6176788.20395
1.7667608698830009,347685.3109896183,2.77414633333683,1.9095008745789528,0.19086171509698033,4.782427299767733,0.15257853441871705,-0.103606854476,-0.0932825866482,102955.7504071453,66728.1892096301,26481154.4504
6.0782698802649975,11999.014019966125,2.125334233045578,2.8606652137823403,0.3565498765092343,2.4095081463456154,0.4152198456227779,-0.00169828076375,-0.00171989908586,2552.4953788885236,39362.33898841509,3582983.84947
6.823045127093792,107216.38072282076,2.936513608787209,2.288420713506639,0.39237363482825455,3.7113943696022034,0.10094456751830877,-0.0191233421247,-0.0184233535007,76701.16231394144,25419.51365726089,5316017.98554
2.1293484224006534,442904.60888296366,1.9154480905272067,1.7539132288657129,0.23164586732164025,5.087971713393927,0.4602620290592313,-0.111743921896,-0.110143298608,80464.89636851742,24070.596706959903,11102469.9418
5.199804853647947,526632.8712925315,2.313677713740617,2.6638127211481333,0.498410028591752,4.274012349545956,0.2589180606417358,-0.105114925453,-0.104758879995,74485.56734411925,19229.91234505446,7424218.35106
9.53579296078533,267080.1876112819,1.834421366918832,2.128527043852955,0.30880176094360645,2.901322189718485,0.28075451641343535,-0.045253021494,-0.0449017983834,43925.34867396295,16853.84193678757,6379284.02104
9.062603446654975,519173.1506958604,2.682856319937855,2.7264356883242726,0.1980433003976941,2.225321300327778,0.06010231436230243,-0.0899388741317,-0.0801548125109,153262.41860223783,2753.6427433840176,34103544.0607
4.407359644770622,179933.74932557344,2.21527428785339,2.2299680071882904,0.3821834875736385,4.5984807796776295,0.47209932990372183,-0.0380149214487,-0.0377187269964,27014.26375698093,18376.414321038774,3391521.1329
2.9514484023675323,38811.07550114393,2.5674108644016087,2.351776096969843,0.29861093438230457,5.787459686398506,0.24620174961164593,-0.00874233503975,-0.00836667498622,20154.794962102867,2293.330736190031,3303438.34632
7.266562703996897,304185.4402050376,1.5345823396928608,1.8546217759139836,0.4648081201128661,3.410374891012907,0.32071753810159864,-0.0586582206234,-0.058608313716,657.5897653304633,14617.975134404367,2849292.23428
5.778982058167458,397058.1617206335,2.4050350170582533,1.9816438956186175,0.41262016883119934,2.717867109924555,0.17874390622600916,-0.0792928078195,-0.0787022700688,107074.95803301815,47289.576902199224,6582594.20897
1.081681135110557,131683.0102354288,1.7444599103182554,2.999458262231201,0.2524014243390411,4.09128587692976,0.3815835443791002,-0.0312550946547,-0.0312321931246,1124.1375954196985,17685.40230709479,4131940.23375
3.996440026909113,235308.25674533844,2.844765789806843,1.6062518935650587,0.3462322125677019,5.281227048486471,0.11173635837621987,-0.0512808525239,-0.0500828891058,55463.67829221423,51265.67885736254,8630132.98381
8.331021181307733,574547.8726923466,2.0056627616286278,2.624844464007765,0.15747209321707487,3.9039134681224823,0.427057015709579,-0.10447278486,-0.0978830782349,69509.91052682478,16512.610326621845,33609642.4129
8.557523657567799,90301.09159648418,2.3597346721217036,2.8137447042390704,0.30472616758197546,3.4498200230300426,0.16084861839190126,-0.014600810253,-0.0141911668482,30079.41580473691,37376.40980576002,7459325.62581
3.927514111623168,430676.24755203724,1.696092459373176,1.95660520484671,0.49433610611595213,5.827145025134087,0.4060697439592332,-0.0973164264994,-0.097242717363,11480.21623313239,18265.108351516585,6653557.2972
1.1466848561540246,552062.438428402,2.8904630625620484,2.4383927565068007,0.23576388671062887,4.512195277959108,0.19972441964782778,-0.152605771856,-0.142957173491,173513.78790359313,57624.56558880045,35059256.8743
5.555148648098111,287822.8269517422,2.053786271251738,1.5819399082101882,0.39649065351113677,2.1387879624962807,0.33247804269194603,-0.0599165354845,-0.0596715651575,54931.94082721638,24283.357167727783,3948918.58952
7.337102537974715,193190.65008312464,2.63123015826568,2.081794467754662,0.34977312637493013,3.9895007610321045,0.25311964233405887,-0.0350611184407,-0.0341377236306,89083.68606783655,34731.59798225208,7052341.52771
2.7573896246030927,457430.0469830632,2.1730323708616197,2.710372920613736,0.18408396295271812,5.366566505283117,0.28567463029176,-0.106865587314,-0.102027061137,52643.722739122895,8325.955944016487,22377243.4485
4.606439249590039,373545.8565875888,2.6185012492351234,1.7071749307215214,0.45291508496738964,4.0526076182723045,0.09515219507738948,-0.0778488622206,-0.0774124135736,85084.63732852308,64928.27785031996,6682460.39984
8.986098648048937,33171.48741334677,1.5771124544553459,2.334975190926343,0.26962471697479484,2.679429057985544,0.46517446427606046,-0.00540305265043,-0.00545976648671,6038.96069877358,36634.3121700166,5004104.67516
9.603028547950089,380428.94024401903,2.987681185360998,1.8078824048861861,0.15065228533931077,2.449168510735035,0.23771106065250935,-0.0700984970991,-0.0543574091125,59698.93041087565,24396.831155269087,36162318.353
4.973876906558871,119740.71655422449,1.9579640231095254,2.398328786250204,0.3394120689481497,4.821839589625597,0.3300865013152361,-0.024206661247,-0.0240590928743,13776.98476107541,8259.469248655982,2950865.6382
2.3492942387238145,261001.00334733725,2.2621289449743927,2.1832343582063913,0.25926300371065736,5.510817065834999,0.05161934094503522,-0.0985973531106,-0.0971741406953,71743.49813079888,9906.335914036055,10085169.1547
6.760813200846314,595553.6914989352,1.792165111284703,2.772994099650532,0.419484084052965,3.1342206709086895,0.48146227071993053,-0.114461531064,-0.114208120184,24348.493828041614,43365.05282659109,6518491.93305
6.275118691846728,503266.8013125658,2.5213532550260425,2.57792002055794,0.46077491822652517,2.9866370297968388,0.11731590172275902,-0.0954276270663,-0.0947510643247,139284.07781478745,39738.32516754423,7499148.13334
1.6923495354130864,168715.4721468687,1.6729104174301028,1.6533515746705234,0.2945800696499645,4.3595676347613335,0.42235746658407153,-0.0431218120276,-0.0429682935358,16023.088323986687,2983.25228878264,2529164.82818
3.4203098956495523,64953.18040251732,2.7289060363546014,2.9525395408272743,0.3863438971340656,5.049505468457937,0.18431570050306617,-0.01311970963,-0.0128444763949,14381.660092840502,1495.0425961481171,3204711.75166
7.799110316671431,325639.47290182114,2.076935456134379,2.0287492987699807,0.20220337812788783,3.672680050134659,0.37688999753445385,-0.0606823244136,-0.0580965873673,46427.17801590811,7859.0104848815945,14709895.9488
8.034616993740201,272229.1711717844,2.8023740658536553,2.376139373984188,0.4364388768095523,4.41276702657342,0.39844015180133285,-0.0473558560264,-0.046574481121,127075.56193169656,40331.53670871024,7130625.79917
3.7297165105119348,537604.0365546942,2.1417989591136575,1.8302333978936076,0.27502709440886974,2.7859454676508904,0.14079289166256787,-0.119198793116,-0.117544947844,102489.7877742991,62713.45261031694,11306935.6631
1.9421558734029531,433979.0739119053,2.447426746599376,2.7514913328923285,0.3661189311183989,3.5999034009873867,0.35253570396453143,-0.100589772772,-0.0996215819572,57776.17210259112,35116.921842489784,8423091.73315
6.605381895788014,94739.17186260223,1.6083237184211612,2.2048987057060003,0.17856102357618509,5.2228377759456635,0.20735250641591846,-0.0176839882155,-0.0173408241941,12338.900094502826,13470.621718753027,6586179.04415
6.998800636269152,1871.8527629971504,2.331659849267453,1.6346626463346183,0.2193371388595551,4.905327923595905,0.2938670672476292,-0.000209742923855,0.000497774488236,22367.864953818556,1048.5259688975918,4525953.74885
2.6562372613698244,341110.96803098917,1.864077817182988,2.5964472787454724,0.40194533364847296,2.2787353582680225,0.27349188649095596,-0.077555093123,-0.0773883187411,8836.378334059986,7537.892394217569,9923937.93082
5.234952528961003,482233.9257225394,2.9186073294840753,2.009282172191888,0.32110240682959557,3.093686059117317,0.4448007214348763,-0.099449222958,-0.0960776861167,173717.58189501724,124066.72122426826,16624263.0526
9.922039633616805,216859.27491635084,1.8857788047753274,2.9718449972569942,0.4888411030638963,5.716360937803984,0.08696168595924975,-0.0332039548489,-0.0331613968875,22396.092327288818,51598.76176197644,3738222.86696
9.23835893906653,564707.3859348893,2.5377100738696754,1.882207868155092,0.36988018509000536,5.407971084117889,0.3101537270471454,-0.0943928756116,-0.0928958498415,162402.26453838896,102729.7300642975,12840499.2421
4.9342485005036,229019.44387704134,1.5166445556096733,2.887983231805265,0.20760957323946058,3.7847963832318783,0.22995808687992397,-0.0463032366099,-0.0459661637378,14571.63982255673,14208.769265333749,7621566.64819
2.9865960609167814,145290.8931300044,2.712481243070215,1.5068559260107577,0.4771141932811588,2.594857595860958,0.48921330994926393,-0.0334010828174,-0.0332162073667,43935.51316764313,36286.7340132201,3555092.76665
7.652809393592179,404843.86291354895,2.23322489624843,2.5133179295808077,0.2890365815721452,4.221927110105753,0.07155362060293556,-0.0713609446428,-0.0698247541981,106562.62819425702,18224.813275389515,10715867.133
5.813734912313521,309629.10912930965,2.828256734646857,2.638331613969058,0.24283510847017167,5.898807566612959,0.4428526632022113,-0.061502873039,-0.0563996904194,76011.6926531443,34848.64093962381,16786303.0974
1.4681853000074625,50078.07053625584,1.9774793917313218,2.1539944941177964,0.42492359778843813,3.275404080748558,0.12538495706394315,-0.0120448056225,-0.0120192753773,1625.9575215134848,443.43958955129733,855867.997173
4.171835047192872,171308.62176418304,2.421485382132232,2.2637120825238526,0.16704640300013124,2.0864275582134724,0.3688224408775568,-0.0377214687317,-0.0342060054333,29775.767214041243,478.07858728197357,12949704.8093
8.858133180066943,506995.20483613014,1.77267328184098,1.7785967588424683,0.3339262658730149,4.713756360113621,0.163818576047197,-0.0887996770723,-0.0883934764965,56298.238400815426,12362.218183466359,6432154.88785
8.741670516319573,425122.35157191753,2.602510838303715,2.3024817695841193,0.20657511106692253,5.6457228772342205,0.2550274054054171,-0.0734385239397,-0.0666656612319,127603.2400126297,31378.379849525558,23625348.7888
4.147674856707454,84710.87403595448,1.5931182936765254,1.7178945816121995,0.37363012684509156,3.0228076726198196,0.2771744534373283,-0.0184593117006,-0.0184230073708,5437.656815395637,3391.741138673118,1133322.82746
1.523092188872397,282257.4958205223,2.6476433356292546,2.6771298218518496,0.29073666129261255,2.333835918456316,0.10362672666087747,-0.0661579802275,-0.0639714443463,59671.499035859044,39991.58047732371,8348531.67309
5.899455169215798,546460.7678353786,2.156622462440282,2.0932292849756777,0.47266117692925036,4.960676439106464,0.46329277562908827,-0.109615683205,-0.109322136565,65325.6692453432,23662.122814249637,9096802.67693
7.698976723477244,453592.62619167566,2.9033943694084883,1.5675755375996232,0.4266209172550589,5.168557375669479,0.14866899056360128,-0.0802829093119,-0.0791868666756,165137.3603969677,130647.5478649462,10969900.4561
3.081051585264504,189390.14095813036,2.040852500125766,2.474565319251269,0.23837950136512517,3.5458709560334682,0.41165867461822925,-0.0421726474936,-0.0411859150414,25038.092081233382,10804.627267034439,5934202.05171
4.80901194550097,29340.94201773405,2.3464765325188637,1.9429560005664825,0.33288904344663023,2.855938844382763,0.19416134213097397,-0.005737020769,-0.0055229699183,22541.137403026773,1284.4731908538986,2424556.88172
9.222968348301947,369752.2049769759,1.709337405860424,2.8491675895638764,0.17079375400207936,4.482520077377558,0.3446322465315461,-0.0625424594783,-0.0608648133773,34539.26466415818,33110.010688882336,21820943.8487
9.946234290488064,116501.11097842455,2.7390467282384634,2.0407334296032786,0.2705721561796963,4.64291063696146,0.10870562018826604,-0.0182386012771,-0.0163185491398,67395.65192257639,15730.619126630476,10384947.4617
5.351380726322532,377225.6651893258,2.066798647865653,2.9154512300156057,0.43813552740029993,2.0158297903835773,0.42437485153786836,-0.0762398439452,-0.0759872295165,37791.232088601035,29056.89861149875,5114149.01938
2.5705514708533883,592325.5210742354,2.5108083933591843,1.6660853829234838,0.1823090434540063,3.330773815512657,0.18232396082021296,-0.144157254142,-0.133199869819,92747.43600541302,65724.6191789666,35112595.9327
6.943859281018376,257809.18132513762,1.6834698915481567,2.540116543415934,0.36508103981614115,5.953936975449324,0.38547420464456084,-0.0486169832868,-0.0485011540838,5273.6315474740195,24618.74283927243,3809940.73522
6.51089190505445,162596.3944941759,2.255048787686974,2.8078676657751203,0.40569594167172907,4.167926851660013,0.24318988663144409,-0.0298590675123,-0.0296436295169,34098.84508045451,18166.78675442257,4039805.31127
1.896023009903729,497110.803052783,1.7992312819696963,2.1734303715638816,0.2183020104188472,2.540617011487484,0.31801649536937476,-0.11908165489,-0.117153945496,31830.605929982747,30973.52244433691,11321676.0715
3.7450726348906755,319513.5198533535,2.995072439778596,2.4324871860444546,0.4843887529801577,3.8545701764523983,0.06366349374875427,-0.0667843692953,-0.0660015997368,90900.26597276256,79719.41032652238,6120844.28204
8.159888015128672,58790.32462835312,1.9505709414370358,1.798828095663339,0.32280182028189297,5.477992832660675,0.47600886872969567,-0.0105216949596,-0.0103508043921,23630.125395203864,2748.052338798365,2951951.52886
7.849657157436013,543194.5446878672,2.9111616765148938,2.984013532754034,0.3383771021850407,2.7490600384771824,0.2988781461492181,-0.0951571014852,-0.0914480673942,252233.66493674376,43500.65697871515,19226418.9371
3.510390200652182,277782.7765792608,1.8932090406306088,1.9723786180838943,0.15440305504016577,4.122478924691677,0.2610090584028512,-0.0631491610846,-0.059675472568,29338.502245239008,14259.64244611148,13649964.7808
1.5627377610653639,100341.13302826881,2.3386856080032885,2.6093654916621745,0.42118332539685066,5.312411990016699,0.4573126213159412,-0.0246481397785,-0.0245297283882,16339.608451894956,5872.904441546435,2080032.8065
6.264107611961663,439544.1144704819,1.8570488006807864,1.597043925896287,0.254810481518507,3.9350982904434204,0.08192110611125827,-0.0869956841113,-0.0859705673493,71578.0599198417,37782.17926458681,8778254.32298
6.639936693944037,344911.75878793,2.4579343646764755,2.2395879621617496,0.2962765585631132,2.1940144076943398,0.38941877144388853,-0.0668866653,-0.0650687408613,119009.83172539789,32128.65779475919,11336822.9628
2.32954359985888,5708.991922438145,1.5978185534477234,2.7415026733651757,0.45631981831975277,4.567173767834902,0.14234423944726587,-0.0013597759328,-0.00136911175247,6905.243221172634,7309.090770184494,1010665.92342
5.033193347044289,220653.20815891027,2.7921961303800344,1.8642074880190194,0.20116565893404184,5.756144568324089,0.35095506310462954,-0.0478634727101,-0.0422774981799,48482.4212062323,32638.04015400055,17522529.738
9.68433496169746,486064.1894862056,2.1519900765269995,2.3669003918766975,0.3900920891202986,3.3790598921477795,0.21640275069512427,-0.0797351923746,-0.0791575796843,87633.65635986014,69.69066062458346,8226385.24245
8.895983876660466,232222.437299788,2.43478075414896,1.7459218888543546,0.4898803373333066,3.7425797283649445,0.4302601595874876,-0.0403852199088,-0.0401438131961,68826.52309255626,39819.034839195716,4087749.57985
4.5559268752112985,567947.2731426358,1.759374015033245,2.274249921552837,0.30642332537099715,5.119157191365957,0.1305060870014131,-0.1198104464,-0.118905038977,65583.7426034879,55031.6432306462,7470597.23752
2.768366238102317,408035.403303802,2.815362660214305,2.1205699467100203,0.40023817662149663,4.305204980075359,0.36367223914712665,-0.0929158177897,-0.0917469881522,80049.81643068421,66443.60364671484,9343807.15375
7.466748778708279,148519.34518665075,1.990358842536807,2.6495846193283796,0.23472683639265596,2.932514701038599,0.17644058060832324,-0.0266046216655,-0.0260316622932,25005.266333285792,23964.199649694903,8957051.50764
5.574933753348887,56233.77822339535,2.6961224754340947,2.499135102611035,0.18783406638540326,3.1892280094325542,0.3115953993052244,-0.0110532357171,-0.0089383713148,29644.190328181012,12165.36044025024,9924834.54208
1.2675268966704607,315748.4773546457,2.249597661662847,1.5432103844359517,0.34873882587999105,5.566064730286598,0.22104675755836073,-0.100019921849,-0.0995284557526,62159.50615884294,39829.18236714752,5644006.09974
3.846242164261639,513157.77003765106,2.553754894528538,2.87451557116583,0.2651715285144746,4.751119751483202,0.49815393234603106,-0.11073174414,-0.106321319026,99359.8607604172,53101.517229127734,16834225.8547
8.49817275069654,177434.86538529396,1.500601573381573,1.9178126491606236,0.45461499257944527,2.3782007172703743,0.070083084423095,-0.0321958538914,-0.0321651137594,5645.617941689233,20397.045038875705,1714193.00744
8.425513166934252,356397.8087157011,2.6538526746444404,1.6435967939905822,0.383196505298838,2.9553296007215977,0.4488288113847375,-0.0639298455404,-0.0628561773299,124982.22451198095,96664.21156613535,9823422.44239
4.042575187049806,21883.11405479908,2.198035168927163,2.5626259418204427,0.19427174469456077,4.328260086476803,0.09128321711905302,-0.00374893981647,-0.00326991114535,5782.387535983754,4168.072874099322,5214809.5314
1.0663270056247711,199480.68112134933,2.596268547233194,2.018937208224088,0.463086929731071,5.0181907676160336,0.29038829370401803,-0.0554440896426,-0.0552140996243,46758.625682855316,22140.709358805816,3128757.37115
5.6537133334204555,460203.5902440548,1.5517670488916337,2.9372797049582005,0.3030426705721766,3.6413654685020447,0.2703788514249027,-0.0915588313708,-0.0912752090231,16321.06616009766,31918.475163388775,7428349.15559
7.242366052232683,555422.923900187,2.386385419405997,2.414000609423965,0.250682824710384,2.480361022055149,0.3565277542453259,-0.105009129781,-0.101026315297,164815.42578465634,32211.03190870149,20776005.8766
2.8350179083645344,294698.08358699083,1.7141373390331864,1.8172825081273913,0.4170546652749181,4.853032220155001,0.2117100805975497,-0.0707226471922,-0.0706399879583,18258.71767102148,7968.346249024333,6344592.66129
4.4930434403941035,79598.51156920195,2.8634697077795863,2.788608612958342,0.1584877016954124,5.54200254380703,0.39499741792678833,-0.0175924016614,-0.0131696297501,18415.72352194482,630.0597623590554,13743224.2
9.117542505264282,414114.56521600485,2.036131205968559,2.19266870431602,0.3424634171184152,3.1654060296714306,0.13764381357468664,-0.0704603272976,-0.0698635791245,82210.3831517872,1923.975076699627,7862791.75241
9.489623602479696,67452.07328349352,2.5060556838288903,2.6966887707822025,0.45044427672401066,3.958185762166977,0.37193547091446816,-0.0105269941996,-0.0103616848942,35075.69743160959,28569.782019225928,3833060.92302
5.1053470661863685,331654.84461933374,1.6435138145461679,2.0736496159806848,0.2610004782211035,5.3352513872087,0.16729735797271134,-0.068336766665,-0.0677183082855,32952.7489554733,21932.024065461705,5218593.51477
2.2545829489827156,491703.75522226095,2.743815223686397,2.3213483509607613,0.3527804147917777,4.021300606429577,0.4385311370715499,-0.114390496033,-0.112493400241,88700.79711449488,63748.34581658085,12959005.5076
6.838433454744518,151292.778365314,2.1066760970279574,1.6989958360791206,0.19187798984348772,2.648122165352106,0.12135685873217882,-0.0294833514555,-0.0277433429264,43209.49559888183,8588.129935383427,9619584.47248
6.194734572432935,244164.67733681202,2.953706945758313,1.9643723121844232,0.2278736427426338,3.4810048453509808,0.49236239306628704,-0.049494010063,-0.0444619798037,82432.41935138713,46835.38835650362,16809325.8027
1.790923323482275,584576.44097507,1.9443144011311233,2.82778353150934,0.3933873214293271,5.858329966664314,0.07499634609557689,-0.219505271295,-0.219201609993,26322.68109559185,57615.34536773009,8655005.26941
3.288307468406856,387029.53085303307,2.296447222586721,1.589764325413853,0.31323282825760546,4.5433883257210255,0.30579614783637227,-0.0887198631567,-0.0876962706355,41215.914549264,45014.4574183181,9606618.92655
7.914146162569523,122826.54494047165,1.8054263493977487,2.4523973409086466,0.49668950708582993,2.1699808910489082,0.22596604498103262,-0.0223287004393,-0.0222980077924,7128.031414065335,30498.04574822927,2093299.21531
8.23647032957524,475064.98731672764,2.2973185828886926,2.139785726554692,0.1639747799374163,5.930115055292845,0.09892611303366722,-0.0843145297341,-0.0765358932805,65777.05126174267,25571.050949952278,23945046.0134
3.546070009469986,215550.57428777218,1.8507937691174448,2.630393851082772,0.3260683997999877,3.3067114502191544,0.468871234357357,-0.0470704056948,-0.0469043312731,4639.702693257855,13584.459679637237,7068378.89706
2.090158767066896,18140.993267297745,2.9525587814860046,1.7644453011453152,0.24524158206768332,2.1177420802414417,0.2503344939090312,-0.00388393433749,-0.00312455514574,10280.841501732095,6435.433771027933,2882168.58592
6.440429586917162,353864.18402194977,1.8994054603390396,2.2557400767691433,0.43348399735987186,4.74507100135088,0.2827469031792134,-0.0682930709547,-0.0681206608771,30274.495481976246,2943.3626458260005,3701358.84633
7.167615175247192,446146.4988067746,2.787442068569362,2.8962756721302867,0.4686284750699997,5.3767785131931305,0.20353094739839434,-0.0776150504816,-0.0767207233152,155972.39089405816,49310.99272520905,8293464.26508
2.5054707704111934,110421.94906622171,2.112035329453647,1.8960388912819326,0.2867049627471715,3.753603931516409,0.336142206331715,-0.0255892832249,-0.025245963621,14295.436105461662,8131.164589574448,3243526.0502
5.420229662209749,270333.5305675864,2.4627013513818383,2.521667679771781,0.3777913715224713,2.563672296702862,0.15803086017258466,-0.0535691407158,-0.0528905823695,76531.28991779852,17462.501125803068,6178072.5138
9.719654298387468,529849.8747870326,1.6376975337043405,1.5206527062691748,0.21073468746617435,4.190741691738367,0.4031746232882142,-0.0923688842189,-0.0909820844715,73697.23420423182,18560.522151437082,12443149.9215
9.423662374727428,183750.575222075,2.855273055844009,2.5872199768200517,0.31872672825120385,4.936643101274967,0.18724343599751592,-0.0286708345155,-0.0269154045361,106612.76898717566,9625.338482717018,10547006.1397
4.7318540289998055,522953.05598527193,1.9951572446152568,1.6191643397323787,0.48031399538740516,2.310050416737795,0.3796751409303397,-0.113100065854,-0.11293268971,50050.15715908183,23858.917674415647,4616236.02617
3.1554025700315833,308009.12361592054,2.3948574448004365,2.962560385465622,0.22242086362093685,3.1249930113554,0.11361912325955928,-0.0667310640486,-0.0642710727242,28929.655493919043,12957.53123665056,12988096.0659
7.502068098634481,42597.85618633032,1.7546513909474015,1.993818108458072,0.40981246032752094,5.747668009251356,0.41858355365693567,-0.00782771974608,-0.00779672229079,5294.201017639668,11793.724103331288,1476112.42562
5.961746908724308,137225.45765340328,2.5599655634723604,1.8453770270571113,0.3583051247987896,4.381582025438547,0.05451445323415101,-0.0260019369187,-0.0254754597095,55616.9174382922,31093.264268849478,4543578.1643
1.303206722252071,402636.9396597147,1.5420129275880754,2.3857444203458726,0.1755307899788022,2.7547605857253075,0.48428003396838903,-0.0984993209999,-0.0972891019215,18611.490551085415,4919.242958975196,10720889.6537
4.373663153499365,580078.8670778275,2.6898817154578865,2.2199850250035524,0.44504066584631796,3.5687104128301144,0.23404690539464357,-0.121518795607,-0.120583121747,136671.9559397755,93757.99129967137,9685249.45228
8.674494742415845,240875.59953331947,2.2082449081353843,2.7611306221224368,0.27747762775979934,5.191644668579102,0.3262799685355276,-0.0404138257615,-0.0394473086276,56071.18978619883,23482.819123818117,10187499.0856
8.720325203612447,544721.7598557472,2.268792257644236,1.874499388039112,0.43115199063904586,2.14128103479743,0.12016836060211063,-0.0962002187297,-0.0956606963009,110806.60806349012,46956.43107440375,7679281.21296
4.309634373523295,283998.6316859722,1.7869265684857965,2.3565934714861214,0.2475201569497585,4.518346726894379,0.4199433611240238,-0.0607395426853,-0.0599734070379,28360.416075441168,13298.92677457916,6116872.64169
1.32706861756742,87658.21270644665,2.98098352085799,2.2498913118615746,0.32802086966112254,5.828409377485514,0.18673646454699339,-0.0263548489277,-0.0255950524989,38221.817818460695,17969.53756558716,4248399.43418
5.954843078739941,422172.5631505251,1.9631682140752673,2.731207191478461,0.16199024054221808,3.4552308544516563,0.3740304509177804,-0.0845426120184,-0.0802589614362,67059.4210956442,10724.187758264028,22003270.7249
7.508418337441981,366806.02859705687,2.7223972189240158,2.605012709274888,0.21366984616033732,2.6650765985250473,0.2388134384993464,-0.0681823608167,-0.061756256577,125407.79974508517,8895.44329296038,23069034.4876
3.1309956330806017,32289.603911340237,2.0819622832350433,1.601388840470463,0.37473874622955916,4.042401593178511,0.32942419350147245,-0.00732336028388,-0.007254122578,6361.023211587381,5115.03552111881,1123206.60363
4.7953378008678555,191128.02240997553,2.5278506479226053,2.9796722000464797,0.28262126855552194,5.353426493704319,0.052274561021476984,-0.036916738715,-0.0350764503555,52240.998021958534,27241.578161143596,7334263.05511
9.377278288826346,451852.6526167989,1.6678721657954156,1.9767349711619318,0.4725733403582125,3.980019200593233,0.48036655145697293,-0.078754409288,-0.0786578247938,12660.485905859017,19756.93086679636,3744899.27865
9.783133694902062,254860.55966466665,2.885253149550408,2.878963652998209,0.40834197942167516,3.148211292922497,0.25070577156729995,-0.0394224486003,-0.0383299885928,123055.43302023404,307.47283067943926,9589419.98297
5.3738498175516725,595271.7645093799,2.0604782137088478,1.9133795876987278,0.22385932714678347,5.5211418606340885,0.2885273372754455,-0.123614643622,-0.120023390012,81429.3288449184,42603.260005776734,17709997.6368
2.5118253510445356,378965.69687873125,2.364956048782915,2.503571745939553,0.4827621628995985,4.8351050317287445,0.09229284292086959,-0.0874476938034,-0.0872015852325,25526.39636270871,23607.68956992724,5598161.5917
7.143204030580819,114763.27870041132,1.6894119805656374,1.5387658732943237,0.3162251810543239,2.4582796655595303,0.46759540936909616,-0.0224243792178,-0.0222921926544,18597.799745875243,1235.736011335807,2613386.32329
6.464287140406668,57049.16641116142,2.623556667007506,2.1103658359497786,0.2809084332548082,3.6703133173286915,0.1601865586824715,-0.0104907095288,-0.00963676302893,43002.579517303464,4109.196851131478,5552113.64974
2.083259144797921,321252.51442193985,1.5706322276964784,2.6597965979017317,0.4414709792938083,5.042984373867512,0.407172356499359,-0.0776551190365,-0.0775910477241,16296.32224558058,33230.269267429816,4815435.41396
3.591904846020043,500060.5870038271,2.626209053210914,1.7357063395902514,0.17230857335962355,4.357940327376127,0.19862888143397867,-0.117844993709,-0.105044392263,44296.36892340929,55922.18292605806,35612657.2738
8.172437308356166,159649.02453124523,2.1795469103381038,2.2844504504464567,0.3614098226651549,2.9813439399003983,0.3331334572285414,-0.0282767383981,-0.027960810114,41109.70943380736,8767.02768179155,4834966.80528
7.942398582585156,437802.9830753803,2.7175366608425975,1.9356848043389618,0.29909414146095514,5.244728107005358,0.44175713169388475,-0.0792733156179,-0.0761873820918,173070.75544035182,96107.21245352336,15827392.0668
3.277013113722205,102080.13653755188,2.2267446694895625,2.8564538061618805,0.4671742981765419,3.618135519325733,0.12604036489501597,-0.0214875606089,-0.0213852792617,13658.222873470855,7237.3710528271295,1699019.1383
1.832363293506205,280732.5694710016,2.5326889688149095,1.5602928916923702,0.19731803587637842,2.8071115724742413,0.3681603744626045,-0.0697333138592,-0.0656017247346,42081.413434966256,31028.777387107282,15391641.1469
6.135096283629537,540247.2015470266,1.5231590950861573,2.4818400973454118,0.3802676911465823,4.429786458611488,0.16492119529284538,-0.106202552542,-0.106021275122,12379.946668521901,13602.260159239488,5745646.36611
6.897518118843436,483115.52312225103,2.416275469120592,2.6786442906595767,0.34444160675629976,5.690644018352032,0.3072943681851029,-0.0885147511894,-0.0870771026087,131636.6409141617,35135.57129750198,10390712.1793
2.2125979708507657,223599.38900917768,1.7793652242980897,2.091722683981061,0.1565415711607784,3.0638224221765995,0.2323790386784822,-0.0529407583677,-0.0508745362456,19674.947706553532,8581.106306769752,9116923.76374
5.116096379235387,7448.961026966572,2.833478111308068,2.303984788712114,0.41477241092361505,2.253758817911148,0.48679944588802754,-0.00106950697776,-0.000864118309659,29357.75368877538,1569.4308437320578,2458330.39371
9.460817591287196,343173.8818064332,1.970798912923783,1.7163765421137214,0.253018500469625,4.876693245023489,0.07440632088109851,-0.0571592006897,-0.0560070437612,73427.1843185945,22861.569405292827,9827151.10135
9.128287610597908,145573.1062218547,2.4409179291687906,2.4310608808882535,0.18877696101553737,4.248006030917168,0.29452229402959346,-0.0247836568577,-0.0217645378268,54277.041585007006,16547.976519858617,15774161.4463
4.464241771027446,410984.0204939246,1.6133505455218256,1.8002393804490566,0.3559989519417286,2.624602537602186,0.27239616052247584,-0.0893116188092,-0.0891320067769,32478.114209925905,5053.493854195825,4437794.66534
2.8941068137064576,569685.1098909974,2.808871458750218,2.8064527991227806,0.2645765041001141,3.809647537767887,0.4459030925761908,-0.128447935284,-0.121763857724,86217.32453731236,73150.25042247023,21757077.8143
7.200376698747277,230482.4011400342,2.1367607074789703,2.1748531060293317,0.4470071214716881,5.436976362019777,0.08629938485100866,-0.0411535270351,-0.0409794540753,38174.13428949429,6703.708411412426,2974271.86266
5.695149062201381,175695.86634635925,2.9252706421539187,1.673451537732035,0.4991973988246172,4.691739644855261,0.4008609091397375,-0.0350071289088,-0.0346872605487,76268.99519374725,56851.90356098352,4178217.81741
1.006693092174828,514898.9327251911,1.8805402619764209,2.5327425207942724,0.3107783266343176,2.0685648918151855,0.1379333517514169,-0.125590256974,-0.124866897235,27429.48411937481,33980.05223229999,6641392.78599
4.070831814780831,318695.84284722805,2.324962184764445,2.048111022915691,0.39195253215730186,3.254600767046213,0.35538816954940555,-0.0688478460739,-0.0684013960775,66836.46291543331,28474.127955941385,7468277.94209
8.414214470423758,53283.99874269962,1.8692820081487298,2.9080886570736766,0.22934045982547102,5.881670318543911,0.2049383942503482,-0.00820325968839,-0.00824302566681,2591.9200751515064,40544.142573550496,8401242.50609
8.474308709613979,461944.9093937874,2.9762179758399725,2.529029900673777,0.25709442761726675,5.460763771086931,0.36231305110268297,-0.0798749375739,-0.0728779872813,164448.81834987496,62979.20906181608,23972878.0689
3.853143848478794,197741.84748530388,1.923293536528945,1.5132754649966955,0.4188459996134043,3.833682782948017,0.16988852778449653,-0.0436555068299,-0.043564472325,17976.157272511988,13990.856151870872,2016328.3245
1.2216942897066474,18933.49103629589,2.273547738790512,2.903649331536144,0.15242388555780054,2.5226554982364178,0.4359038010239601,-0.00341914667677,-0.00292748636931,2055.5231551755523,2189.6420448855906,4713191.65162
5.638960387557745,359345.3396111727,1.8268855959177017,1.8886730996891856,0.34032425428740676,4.145818784832954,0.1310154447797686,-0.072169157243,-0.07185227826,46755.11907848058,17585.902430912112,4750168.1915
7.403267152607441,417063.0617067218,2.4864492625929415,1.763022214639932,0.3870447750668973,5.982850484549999,0.49500860515981915,-0.0779899770755,-0.0771388881703,110597.00580506735,75561.8164278971,8513965.34337
2.8147524697706103,76652.1429643035,1.6616743267513812,2.2571552954614162,0.20409545423462985,3.3555407263338566,0.0653188840020448,-0.0166746095774,-0.0163510851778,4637.379723075247,1981.5922391902557,2819587.23775
4.549578782171011,292957.92672783136,2.763759941328317,2.13837407855317,0.46026999354362486,2.0454756915569305,0.31550955488346516,-0.0615346517404,-0.0609769767037,108067.23186258446,55766.010142422514,5720029.38846
8.92039295937866,557160.6310084462,2.0882158731110394,2.6318205194547772,0.2921875022817403,4.668898280709982,0.22328388793393972,-0.0937815713975,-0.0923119271231,100821.93273799597,2738.1913885732665,13288218.2843
9.677982526831329,154239.11567777395,2.371201111469418,2.2215034277178347,0.2361599339172244,4.453846916556358,0.45152985118329525,-0.0255913230762,-0.0238434875441,65535.831556040335,6454.057025047932,11580306.7236
5.057606637477875,488755.25426119566,1.7307661757804453,2.759627239778638,0.3987730095628649,2.8309315852820873,0.08155092732049525,-0.0997199309208,-0.0994826331389,28556.805697051746,12520.827544447648,5667487.62666
2.2660663491114974,329917.12410002947,2.8790467609651387,1.8468839800916612,0.30391641347669063,3.5159770622849464,0.30015673632733525,-0.0778006322306,-0.0753556484069,69891.07624525629,57683.461498278375,11881192.4892
6.686318684369326,69192.2077909112,2.019068278837949,2.3842295994982123,0.4923338173888624,5.142817724496126,0.26764165880158547,-0.0128232071155,-0.0127854588086,5693.562872061483,15793.346549544973,1569215.92597
6.218270629644394,124565.42775034904,2.666130943223834,2.9552859705872834,0.4510399895720184,4.977657582610846,0.3469601487275213,-0.0226725340707,-0.0224049096052,35826.65897325779,14401.382752078525,4109891.21038
1.6267686365172267,385288.26981782913,2.1842652540653944,2.001100391149521,0.2686077026184648,2.35497123003006,0.21424643611535432,-0.0930605516148,-0.0914896694734,50560.17828562771,39719.29443536587,8647125.66905
3.486530501395464,581628.9771348238,2.5836448296904564,2.5799341122619808,0.3518382085952908,3.0410094894468784,0.39242513086646796,-0.12710397677,-0.125245788672,137768.43122366458,68030.6350361025,16096093.64
7.856554633937776,247114.34058845043,1.565829522907734,1.6264351839199662,0.18461721707135437,5.667590640485287,0.14724735063500705,-0.04546967338,-0.0446198820317,31721.802383660524,3592.191165864155,7445358.45373
8.11844589933753,355603.0221283436,2.5726093277335167,2.778407720848918,0.4767432210966944,2.435438361018896,0.17764150155708197,-0.0615438375657,-0.0610456654451,109939.03741030053,357.30197557040356,6530601.22669
3.8047087779268622,16399.669647216797,1.5278789475560188,2.2028846167959273,0.2867934877518564,4.812015652656555,0.3822458253707737,-0.003300945948,-0.00331079408058,2330.5202795276928,5243.012329808525,1677111.40806
1.867768444120884,212603.04786264896,2.6776234935969114,2.40378827881068,0.3706959897186607,5.622081641107798,0.11108116512186825,-0.0668133031631,-0.0661049618238,72406.6479686036,17090.305896159498,6071677.95771
6.522184113971889,478014.60586488247,2.2219433169811964,1.8274869709275663,0.2096267565153539,3.24939151853323,0.4281527617946267,-0.0957290237926,-0.0916642302005,112713.63511929697,43702.338490852366,18995658.648
6.93311211373657,532796.2389215827,2.8397218217141926,2.023381356149912,0.16884226528927682,2.8791566342115402,0.05724982866086066,-0.105912594077,-0.09135706254,120311.34441303658,34987.37634650516,33933828.4064
2.599359627813101,267385.03854721785,2.0121544380672276,2.932843424845487,0.3348725599702448,4.255993466824293,0.4745134085416794,-0.0603209430121,-0.0599671517926,20085.19541530268,7283.493716422374,5084485.51184
5.292298207990825,108684.23748761415,2.4100675717927516,1.6480295034125447,0.24070982025004922,5.067019797861576,0.24378101238980893,-0.0222358392846,-0.0211592085267,36121.13215663579,18900.44090401837,6438094.85048
9.988221414387226,447886.66013628244,1.7379568205215037,2.558178212027997,0.42434398848563426,3.6941006667912006,0.32357711154036223,-0.0735004367731,-0.0733592000927,6958.127841236029,47613.14968328564,5412266.67537
9.163881588727236,45546.36161774397,2.7674715821631253,1.5854083243757486,0.3683049064595252,3.4321776553988457,0.10160665404982866,-0.00756816311997,-0.00699001537571,63149.005420268564,41335.0858009993,4865066.48063
4.851003444753587,305062.78183311224,2.130561337340623,2.4567383215762675,0.1792026538401842,5.805596385151148,0.45915944334119557,-0.0648151535052,-0.0610557592292,24306.86648658739,12540.577597542506,15242671.0205
3.0703086256980896,521212.9259482026,2.48228200385347,1.9600277608260512,0.434703700337559,4.619559079408646,0.26001357203349473,-0.118614046174,-0.11800162216,71514.44243520276,62322.55032188513,7674016.14858
7.727780538611114,185488.2912710309,1.6196028054691851,2.832135950680822,0.2741428225766867,2.242245551198721,0.28009907505474985,-0.0335404700804,-0.0335255252054,2494.202447157658,49725.17309879192,7430886.06726
5.871196395717561,242616.85609817505,2.320197969675064,2.331644184887409,0.3203526716213673,3.878108639270067,0.19387419195845723,-0.0469839414347,-0.0461717453647,62422.07839473857,14805.302956283585,6466057.54334
1.5343887396156788,578339.9887382984,1.8294059783220291,1.6886921343393624,0.48689132304862137,5.251268096268177,0.3387677117716521,-0.160188299183,-0.160077221476,24733.119512940375,726.2936226362648,5590474.11993
4.1062369821593165,399687.2719377279,2.9300276543945074,2.7069960543885827,0.21977417916059494,4.0662216655910015,0.15543785975314678,-0.0854997422123,-0.077313111419,105906.28249653109,45191.28484764594,20338090.8909
8.801302284002304,140172.92596399784,1.9204977806657553,2.063357352744788,0.4042558320332318,2.689136877655983,0.4127988737076521,-0.0246764614696,-0.0245620194255,25172.068870934017,11767.914150830837,3024972.43955
8.816692891530693,203881.3903927803,2.7503355047665536,2.6681578145362437,0.1802397889085114,3.6391278989613056,0.48950220271945,-0.0363394162827,-0.0303358885722,53836.62353329574,18161.108072810992,22917865.2081
4.23147352039814,468121.3550269604,2.101660733576864,2.1241740826517344,0.36455763238482175,5.011799074709415,0.07741646640934051,-0.0996163357425,-0.0988959849581,49319.12191722768,61227.151412107196,6236481.35732
1.4399332320317626,365496.31766974926,2.4995697545818985,2.292777245398611,0.27244541575200854,4.326747875660658,0.3033831152599305,-0.0922219615944,-0.0899015636191,90341.31951892017,31567.464390180914,12920359.77
5.825029049068689,25121.38970196247,1.648563529830426,1.7495717173442245,0.43915938436985014,2.9501513689756393,0.22881957674399017,-0.00505145508946,-0.00503429113854,3503.0708247536586,6406.84833842788,833566.73343
7.64206026494503,79903.34462374449,2.289772446267307,1.8991937753744423,0.48519133068621156,3.1795259341597557,0.3708408245351166,-0.0146766484512,-0.0145708413459,30436.27178241328,7500.598586619549,2084262.40033
3.0154017535969615,420277.9149636626,1.8106534285470843,2.8709572926163673,0.3248056110460311,5.552456382662058,0.16795365093275905,-0.0952870375428,-0.0950408461641,11504.171711338544,3699.3697923250597,13351159.1091
4.875163618475199,560404.9572721124,2.96039314661175,1.5245456392876804,0.40529038156382735,4.866412401199341,0.4378681855276227,-0.11785518708,-0.116418362911,119361.394618117,183999.17102130534,15770540.3016
9.280344269238412,296165.9224703908,1.9390987465158105,2.4956225166097283,0.2160241604782641,2.489587154239416,0.12245859284885229,-0.0500966970528,-0.048752738825,56762.32311527803,21587.4958535114,14260983.3651
9.862950409762561,492581.07896894217,2.5912245539948344,1.6164636933244765,0.29124575830064714,2.6338834911584854,0.35894762645475564,-0.0830927800216,-0.0799809578885,157383.11797880413,115846.71165685989,18388371.3745
5.276942066848278,158028.0466005206,1.558258700184524,2.6146405320614576,0.47504389761015775,4.011208605021238,0.20884965555742385,-0.0318714637988,-0.0318459538923,18778.64470956518,26189.054488099617,2158399.41706
2.6454925080761313,73006.59734755754,2.658885204233229,1.991844245698303,0.20587606895714997,5.322241611778736,0.3978507686406374,-0.0176428919136,-0.0158373181652,34182.71247105291,8605.918962961625,6510358.81
7.027602087706327,333694.60199028254,2.1915320539847016,2.989242891781032,0.37173120812512933,3.9488341994583607,0.1352305865380913,-0.0597304828164,-0.0592244681314,66418.36499435066,16797.414031246863,6808313.16428
6.5771254524588585,390821.7005431652,2.868668196257204,2.3473432143218815,0.3311246196273714,2.1725881062448025,0.4494848696514964,-0.0753061834707,-0.0726237938816,156549.67404432144,71012.13898759423,14179213.1317
1.9534542514011264,130135.19793748856,2.0294278389774263,1.8590696789324284,0.1698800666257739,4.5496536791324615,0.09018832263536752,-0.0386535174143,-0.0368929004604,23142.110431919904,4403.433145605843,8110971.22172
3.688280563801527,252654.64670956135,2.3811526182107627,2.721991355996579,0.42879900624975564,5.859724435955286,0.2914898333605379,-0.0545465404238,-0.0542577718105,28253.765175243065,13171.264203746126,4956133.25778
8.094251259230077,587205.6048363447,1.7208063933067024,2.2344044717028737,0.2390130796935409,3.4865460321307182,0.269715718831867,-0.107353315305,-0.106119017414,80921.20830561423,7440.826888649365,13155254.1166
7.7752482034265995,10223.514586687088,2.400055933278054,2.5483913887292147,0.399810649221763,4.722925003618002,0.055615999596193434,-0.00124142095939,-0.00114723677701,14471.655086334087,26222.91518220304,2960107.72041
3.4272140776738524,349463.1886482239,1.747948023956269,1.682920238468796,0.2324118318967521,2.099750369787216,0.4836168946698308,-0.0800761299462,-0.0792137920004,40855.1446641474,15341.967100063106,7368629.66167
1.6465192586183548,471826.99777185917,2.850040254648775,2.9237719466909766,0.4906372489407659,3.285793397575617,0.23470295695587995,-0.108778323758,-0.108039731329,62629.86308659238,62044.15215397643,7067651.85892
6.339147153310478,206451.7792314291,2.0018262988887727,2.057522592600435,0.30837160334922376,5.912862829864025,0.32518508075736463,-0.0400051211906,-0.0396225423329,29609.210211569316,5044.728728998752,4673365.9637
6.6973297810181975,264170.46692222357,2.6848377222195268,1.7904158234596252,0.26690854080952703,4.2166914492845535,0.19009678000584246,-0.0503665352496,-0.0478004030131,85893.60326739996,59985.32121368876,12283960.1069
2.3956781066954136,529544.7556301951,2.2147365594282746,2.415789578575641,0.455492421798408,2.5932878367602825,0.3772619205992669,-0.12227950538,-0.121857342787,65669.40738595038,57794.61340075138,5065048.77453
4.967526349239051,444678.9460256696,2.564998093061149,2.165063970722258,0.1856522633694112,3.7783399894833565,0.11603900217451156,-0.0933254509235,-0.0857101573988,97083.16808289006,44881.36922085414,21787825.69
9.62743566930294,105439.62959200144,1.5355098126456141,2.791124365758151,0.34808734892867504,5.405668932944536,0.4157231219112873,-0.017211715173,-0.0172686848842,30532.94183492342,52005.064525316346,5256585.12228
8.979743849486113,301273.569278419,2.94588400516659,2.0995127465575933,0.423299100715667,5.721836946904659,0.2028680025599897,-0.048586146124,-0.0474820527901,135934.0895145443,85909.21182866328,9262790.5185
4.630850746296346,41720.81854194403,1.9046325394883752,2.69261452043429,0.2553945969324559,3.0950154699385166,0.33724393374286593,-0.00792583996081,-0.00787713760084,4458.4526814259,18868.510936218063,4166050.87206
2.693910412490368,181710.53174883127,2.30400478374213,1.724132183007896,0.3365740634966642,2.2849437594413757,0.1569362070877105,-0.0418400733381,-0.0414329760065,43189.89324983741,24518.94658545403,4061371.97141
7.3834820641204715,517398.8180235028,1.845578114502132,2.318012149538845,0.15345826297998427,4.907878067344427,0.4038309229537845,-0.0987163795008,-0.0939036570745,73635.52878270585,4071.263116928561,23728922.7809
5.509314163587987,572769.9279785156,2.469221632461995,2.8428384326398373,0.20034801848232744,5.21342121437192,0.0965130737517029,-0.113459785726,-0.105140306257,155793.01572874674,50959.00354215008,26141166.6261
1.2107176594436169,237083.71594548225,1.632682170253247,1.9275171761400998,0.3880817484576255,3.5868285074830055,0.47172477282583714,-0.0598409910279,-0.0597745382925,9204.684830731405,7016.058441030139,3553634.62081
3.9036562396213412,134596.00768983364,2.7809561393223703,2.4681903021410108,0.29664335842244327,2.775796454399824,0.24747431026771666,-0.0282339282868,-0.0270219080216,57164.82906534762,13925.744904786969,6820082.34679
8.564423464238644,394147.2563892603,2.1170850447379053,1.5521823945455253,0.4585727588273585,4.398471459746361,0.2851670167874545,-0.0701334086775,-0.069917729711,60074.91093109584,33703.2198595488,4449216.14782
8.359275395050645,289598.4426140785,2.517471731174737,2.0106975696980953,0.3549832665361464,4.946342583745718,0.2403365694452077,-0.0499270425403,-0.0489366005487,108729.73289907823,47168.31346248932,8262211.44921
3.9851480359211564,550284.6591174603,1.6782313738949597,2.9704217319376767,0.19254584382288156,2.3236561119556427,0.3204297425225377,-0.118737028855,-0.116647545169,51616.03601413515,8467.12892565486,16383242.1806
1.1231235694140196,427765.49868285656,2.732349088881165,1.6360894935205579,0.44872564417310057,3.0097024776041508,0.06124358801171184,-0.119021892369,-0.118350882175,124967.79318097718,101356.24164408304,8993548.3245
5.719345730729401,93214.25445377827,2.0720028639771044,2.5950354519300163,0.2601420950144529,5.636283747851849,0.47886927365325394,-0.0179412208186,-0.0177184365844,4790.807928680845,16468.92099196155,5640334.94385
7.325645440258086,36081.10975474119,2.988563597202301,2.744113912805915,0.31249959394335747,4.4850317388772964,0.10760410064831377,-0.00562294390944,-0.00475199284299,42440.41882065961,17551.15241094862,6852390.35148
2.9094609264284372,370633.8560208678,1.9555977433919907,2.2122611054219306,0.49476557527668774,2.862116526812315,0.4250380176585168,-0.0847356228658,-0.0846263216169,10180.916086199106,2205.0739695005254,4576541.85518
4.418106627650559,455655.5936113,2.261546155437827,2.3687734035775065,0.22832751902751625,3.5471701100468636,0.18166788243688642,-0.0961871919523,-0.0929322677529,79414.90847279444,33495.54662303467,14265004.9292
9.033795608207583,194967.30286628008,1.7941930051892996,1.8376072361133993,0.3957240005023777,5.174010653048754,0.38656906560063364,-0.0340261766593,-0.0339103008183,26295.109964641564,5015.959335565979,2814504.37027
9.54653556831181,598465.7322987914,2.6424333974719048,2.270994186401367,0.46274314089678226,5.951543055474758,0.1510820030234754,-0.0936528732097,-0.092743662443,185908.12389238877,89082.32905200869,9404385.16037
5.17100125644356,258091.4480611682,2.1633143797516823,1.771322522778064,0.30081474250182505,3.324233178049326,0.408805109327659,-0.0539348738606,-0.0532022507081,55596.8814891362,28980.47706926812,6249544.34069
2.188435500487685,117964.1218855977,2.6077321898192167,2.645602279342711,0.3840398257598281,2.014160990715027,0.1970215525943786,-0.0264055885426,-0.0260942881318,31674.623535383816,3787.916281010963,3321298.147
6.781053443439305,382203.4427896142,1.586437789723277,2.14670880837366,0.19630442881025373,4.637583699077368,0.3422121597453952,-0.0743090196069,-0.0732303040521,44894.517415790266,4308.0123059577045,10417871.7715
6.119707972742617,327417.22986102104,2.3515319754369557,1.5053527224808931,0.16031112284399568,5.491956282407045,0.2556903234217316,-0.0674305857932,-0.0615719658879,61573.33605145255,28077.474616163436,18143944.7012
1.7071287501603365,63177.551329135895,1.702857204247266,2.5148361534811556,0.34342525247484446,3.864875413477421,0.2760726992040873,-0.0148811321994,-0.0148692636762,1522.481219922592,3739.1010173761365,2223225.85912
3.3714709179475904,165802.30481922626,2.898373289499432,1.880693226121366,0.2485847602598369,2.5538409762084484,0.10472140656784176,-0.0370761924273,-0.0346390442612,64919.66752994448,31976.00172127603,9145713.10869
7.988567924126983,506177.518889308,2.0473670647479594,2.8894900060258806,0.4164902647491544,4.1770041435956955,0.4626365027856082,-0.0900678950942,-0.0896869463604,63316.85523125587,32315.328303888196,7440016.11696
8.302085560746491,96516.95564389229,2.820418103132397,1.7027388294227421,0.2228428007569164,3.909423816949129,0.3126900725066662,-0.0178556013687,-0.0149365897057,62534.69993257712,26377.46653733672,11330573.7023
3.6028837393969297,432203.4537792206,1.983878640923649,2.339419160038233,0.41211135899648066,5.282583154737949,0.22039049142040312,-0.095703119756,-0.0954613274721,21839.31992986819,18799.14416604323,4774761.5297
2.0327487820759416,534690.8781677485,2.4297596742399037,2.0773469167761505,0.31794319655746217,4.097528617829084,0.4988168570678681,-0.127905492017,-0.126180482529,58869.77326163894,55908.4806939415,12279348.6831
6.37417464889586,275139.9155706167,1.7658885796554387,2.714805451221764,0.4783285843674093,2.7204439491033554,0.06898132348433138,-0.052748351039,-0.0526793285954,7941.813546075896,36851.72868270077,2897452.765
7.083851112052798,219771.27101272345,2.548544956371188,2.4486084901727736,0.44319175244309006,3.4009926542639732,0.4331203767564148,-0.0405593846173,-0.040150668846,79881.66445757529,10906.933051938675,4936587.92461
2.430551123805344,479324.30785149336,1.5072934906929731,1.5717391949146986,0.2764774480834603,5.774411503225565,0.12808599350973965,-0.161613887589,-0.161283902042,41341.01365661634,5002.662175325502,5622049.27268
5.494689846411347,339334.31077748537,2.7013438269495964,2.823948988225311,0.36039605392143126,4.588366091251373,0.3660852449014783,-0.065950316875,-0.0645655519671,107093.26432831744,33487.84412653441,9302351.73782
9.802916520275176,3646.310605108738,2.2429171577095985,1.946393053047359,0.1760805462952703,2.211052443832159,0.1735870220232755,-0.000657293518644,0.000656098729401,24739.11525816727,15133.953829887216,9775981.49251
9.36626519728452,407753.42267006636,2.3321767654269934,2.9422356602735817,0.24308850551024078,2.910464122891426,0.38876268635503947,-0.0677196700377,-0.0648374977515,117851.95101876794,30384.245835325954,21021682.652
4.66572374664247,142378.84785979986,1.8620756026357412,2.039045311510563,0.4328734300564975,4.2873008362948895,0.1434391071088612,-0.0295019547209,-0.0294451095224,5828.657447601688,4678.325499688411,4365896.66954
3.2210739264264703,227244.94580179453,2.917659044265747,2.567627578508109,0.16576154720969496,5.098334319889545,0.34985355027019976,-0.0540639399624,-0.0453801596002,20068.286331962507,8117.822533217829,22911183.6563
7.5589628983289,566483.9761331677,1.888170763850212,1.663659037090838,0.3270077671855688,3.7254153080284595,0.21706591011025012,-0.106622601039,-0.10600342184,87732.1915929328,32061.162683095707,7983229.29378
6.0361515041440725,508770.8294391632,2.7988594681955874,2.1875755176879466,0.3785074569284916,2.404245790094137,0.2964582471176982,-0.100123423313,-0.0981950353497,180963.0604906097,94781.06473984483,12880441.579
1.3863873379305005,169530.8692753315,2.1467515588738024,2.7686379197984934,0.21265398864634333,4.780823200941086,0.26386945662088696,-0.042518490781,-0.0414305709343,29888.774361733773,12588.982361373628,8874118.51315
4.289885746315122,47167.348489165306,2.451236725319177,1.8122350028716028,0.4681390929501503,5.590896341949701,0.4544592974241823,-0.0102370758056,-0.0101465499509,12143.199935648365,10602.225106735445,1626106.96168
8.599450976587832,312542.28092730045,1.6030227695591748,2.3939840560778975,0.28433995293453335,3.218206100165844,0.08433435996994376,-0.0548539378847,-0.0546536887013,18433.169568954563,29971.36943837118,6862299.51086
